,ranker,player,nationality,position,squad,age,birth_year,games,games_starts,minutes,goals,assists,pens_made,pens_att,cards_yellow,cards_red,goals_per90,assists_per90,goals_assists_per90,goals_pens_per90,goals_assists_pens_per90,matches
0,,Patrick van Aanholt,nl NED,"DF,MF",Crystal Palace,25,1990,11,8,714,2,0,0,0,1,0,0.25,0.00,0.25,0.25,0.25,/en/players/5f09991f/matchlogs/2016-2017/Patrick-van-Aanholt-Match-Logs
1,,Patrick van Aanholt,nl NED,"DF,MF",Sunderland,25,1990,21,20,"1,784",3,1,0,0,2,0,0.15,0.05,0.20,0.15,0.20,/en/players/5f09991f/matchlogs/2016-2017/Patrick-van-Aanholt-Match-Logs
2,,Charlie Adam,sco SCO,MF,Stoke City,30,1985,24,17,"1,517",1,3,1,1,7,0,0.06,0.18,0.24,0.00,0.18,/en/players/aff418dc/matchlogs/2016-2017/Charlie-Adam-Match-Logs
3,,Albert Adomah,gh GHA,MF,Middlesbrough,28,1987,2,1,122,0,0,0,0,0,0,0.00,0.00,0.00,0.00,0.00,/en/players/c7174e81/matchlogs/2016-2017/Albert-Adomah-Match-Logs
4,,Adrián,es ESP,GK,West Ham,29,1987,16,16,"1,440",0,0,0,0,1,0,0.00,0.00,0.00,0.00,0.00,/en/players/f76e6b4e/matchlogs/2016-2017/Adrian-Match-Logs
5,,Ibrahim Afellay,nl NED,MF,Stoke City,30,1986,12,3,384,0,0,0,0,0,0,0.00,0.00,0.00,0.00,0.00,/en/players/9a8c6673/matchlogs/2016-2017/Ibrahim-Afellay-Match-Logs
6,,Benik Afobe,cd COD,FW,Bournemouth,23,1993,31,14,"1,461",6,3,0,1,1,0,0.37,0.18,0.55,0.37,0.55,/en/players/b63f4077/matchlogs/2016-2017/Benik-Afobe-Match-Logs
7,,Sergio Agüero,ar ARG,FW,Manchester City,28,1988,31,25,"2,403",20,4,4,5,4,1,0.75,0.15,0.90,0.60,0.75,/en/players/4d034881/matchlogs/2016-2017/Sergio-Aguero-Match-Logs
8,,Dan Agyei,eng ENG,FW,Burnley,19,1997,3,0,25,0,0,0,0,0,0,0.00,0.00,0.00,0.00,0.00,/en/players/5c374509/matchlogs/2016-2017/Dan-Agyei-Match-Logs
9,,Ola Aina,ng NGA,"DF,MF",Chelsea,19,1996,3,0,26,0,0,0,0,0,0,0.00,0.00,0.00,0.00,0.00,/en/players/246d153b/matchlogs/2016-2017/Ola-Aina-Match-Logs
10,,Nathan Aké,nl NED,DF,Chelsea,21,1995,2,1,99,0,0,0,0,1,0,0.00,0.00,0.00,0.00,0.00,/en/players/eaeca114/matchlogs/2016-2017/Nathan-Ake-Match-Logs
11,,Nathan Aké,nl NED,DF,Bournemouth,21,1995,10,8,735,3,0,0,0,0,0,0.37,0.00,0.37,0.37,0.37,/en/players/eaeca114/matchlogs/2016-2017/Nathan-Ake-Match-Logs
12,,Marc Albrighton,eng ENG,MF,Leicester City,26,1989,33,29,"2,411",2,6,0,0,5,0,0.07,0.22,0.30,0.07,0.30,/en/players/b827d5b3/matchlogs/2016-2017/Marc-Albrighton-Match-Logs
13,,Toby Alderweireld,be BEL,DF,Tottenham,27,1989,30,30,"2,601",1,0,0,0,1,0,0.03,0.00,0.03,0.03,0.03,/en/players/f7d50789/matchlogs/2016-2017/Toby-Alderweireld-Match-Logs
14,,Trent Alexander-Arnold,eng ENG,"MF,DF",Liverpool,17,1998,7,2,167,0,0,0,0,0,0,0.00,0.00,0.00,0.00,0.00,/en/players/cd1acf9d/matchlogs/2016-2017/Trent-Alexander-Arnold-Match-Logs
15,,Joe Allen,wal WAL,MF,Stoke City,26,1990,36,34,"2,930",6,2,0,0,9,0,0.18,0.06,0.25,0.18,0.25,/en/players/9feb8f24/matchlogs/2016-2017/Joe-Allen-Match-Logs
16,,Dele Alli,eng ENG,MF,Tottenham,20,1996,37,35,"3,034",18,7,1,1,4,0,0.53,0.21,0.74,0.50,0.71,/en/players/cea4ee8f/matchlogs/2016-2017/Dele-Alli-Match-Logs
17,,Ryan Allsop,eng ENG,GK,Bournemouth,24,1992,1,1,90,0,0,0,0,0,0,0.00,0.00,0.00,0.00,0.00,/en/players/af615123/matchlogs/2016-2017/Ryan-Allsop-Match-Logs
18,,Marcos Alonso,es ESP,MF,Chelsea,25,1990,31,30,"2,693",6,3,0,0,2,0,0.20,0.10,0.30,0.20,0.30,/en/players/f4290206/matchlogs/2016-2017/Marcos-Alonso-Match-Logs
19,,Daniel Amartey,gh GHA,MF,Leicester City,21,1994,24,17,"1,673",1,1,0,0,3,0,0.05,0.05,0.11,0.05,0.11,/en/players/1a4ef233/matchlogs/2016-2017/Daniel-Amartey-Match-Logs
20,,Jordi Amat,es ESP,DF,Swansea City,24,1992,17,15,"1,409",0,0,0,0,5,0,0.00,0.00,0.00,0.00,0.00,/en/players/d70a2141/matchlogs/2016-2017/Jordi-Amat-Match-Logs
21,,Nordin Amrabat,ma MAR,"MF,FW",Watford,29,1987,29,25,"2,091",0,3,0,0,4,0,0.00,0.13,0.13,0.00,0.13,/en/players/7c2a398c/matchlogs/2016-2017/Nordin-Amrabat-Match-Logs
22,,Victor Anichebe,ng NGA,"FW,MF",Sunderland,28,1988,18,14,"1,219",3,0,0,0,2,0,0.22,0.00,0.22,0.22,0.22,/en/players/4aed5c19/matchlogs/2016-2017/Victor-Anichebe-Match-Logs
23,,Michail Antonio,eng ENG,"MF,FW",West Ham,26,1990,29,29,"2,434",9,3,0,0,5,2,0.33,0.11,0.44,0.33,0.44,/en/players/ac05f970/matchlogs/2016-2017/Michail-Antonio-Match-Logs
24,,Ikechi Anya,sco SCO,"FW,MF",Watford,28,1988,1,0,10,0,0,0,0,0,0,0.00,0.00,0.00,0.00,0.00,/en/players/c55e973d/matchlogs/2016-2017/Ikechi-Anya-Match-Logs
25,,Álvaro Arbeloa,es ESP,DF,West Ham,33,1983,3,1,258,0,0,0,0,3,0,0.00,0.00,0.00,0.00,0.00,/en/players/6dc73abd/matchlogs/2016-2017/Alvaro-Arbeloa-Match-Logs
26,,Scott Arfield,ca CAN,MF,Burnley,27,1988,31,23,"2,102",1,1,0,0,3,0,0.04,0.04,0.09,0.04,0.09,/en/players/b1313ec4/matchlogs/2016-2017/Scott-Arfield-Match-Logs
27,,Marko Arnautović,at AUT,"MF,FW",Stoke City,27,1989,32,32,"2,714",6,5,0,1,9,1,0.20,0.17,0.36,0.20,0.36,/en/players/00459419/matchlogs/2016-2017/Marko-Arnautovic-Match-Logs
28,,Harry Arter,ie IRL,MF,Bournemouth,26,1989,35,33,"2,957",1,3,0,1,12,2,0.03,0.09,0.12,0.03,0.12,/en/players/2f4c5a52/matchlogs/2016-2017/Harry-Arter-Match-Logs
29,,Joel Asoro,se SWE,FW,Sunderland,17,1999,1,0,10,0,0,0,0,0,0,0.00,0.00,0.00,0.00,0.00,/en/players/13e827f8/matchlogs/2016-2017/Joel-Asoro-Match-Logs
30,,Charlie Austin,eng ENG,FW,Southampton,27,1989,15,11,934,6,1,2,2,1,0,0.58,0.10,0.67,0.39,0.48,/en/players/8d228291/matchlogs/2016-2017/Charlie-Austin-Match-Logs
31,,Daniel Ayala,es ESP,DF,Middlesbrough,25,1990,14,11,918,1,0,0,0,3,0,0.10,0.00,0.10,0.10,0.10,/en/players/302560a0/matchlogs/2016-2017/Daniel-Ayala-Match-Logs
32,,André Ayew,gh GHA,"MF,FW",West Ham,26,1989,25,16,"1,438",6,3,0,0,1,0,0.38,0.19,0.56,0.38,0.56,/en/players/5dbefa9d/matchlogs/2016-2017/Andre-Ayew-Match-Logs
33,,Jordan Ayew,gh GHA,"FW,MF",Swansea City,24,1991,14,9,866,1,2,0,0,1,0,0.10,0.21,0.31,0.10,0.31,/en/players/da052c14/matchlogs/2016-2017/Jordan-Ayew-Match-Logs
34,,César Azpilicueta,es ESP,DF,Chelsea,26,1989,38,38,"3,420",1,4,0,0,4,0,0.03,0.11,0.13,0.03,0.13,/en/players/53cad200/matchlogs/2016-2017/Cesar-Azpilicueta-Match-Logs
35,,Eric Bailly,ci CIV,DF,Manchester Utd,22,1994,25,24,"2,058",0,0,0,0,4,0,0.00,0.00,0.00,0.00,0.00,/en/players/a1232f4e/matchlogs/2016-2017/Eric-Bailly-Match-Logs
36,,Leighton Baines,eng ENG,"DF,MF",Everton,31,1984,32,32,"2,819",2,3,2,3,4,0,0.06,0.10,0.16,0.00,0.10,/en/players/b18095b6/matchlogs/2016-2017/Leighton-Baines-Match-Logs
37,,Patrick Bamford,eng ENG,FW,Middlesbrough,22,1993,8,2,287,1,0,0,0,1,0,0.31,0.00,0.31,0.31,0.31,/en/players/93feac6e/matchlogs/2016-2017/Patrick-Bamford-Match-Logs
38,,Patrick Bamford,eng ENG,"FW,MF",Burnley,22,1993,6,0,39,0,0,0,0,0,0,0.00,0.00,0.00,0.00,0.00,/en/players/93feac6e/matchlogs/2016-2017/Patrick-Bamford-Match-Logs
39,,Phil Bardsley,sco SCO,DF,Stoke City,31,1985,15,14,"1,168",0,0,0,0,5,2,0.00,0.00,0.00,0.00,0.00,/en/players/1ae30132/matchlogs/2016-2017/Phil-Bardsley-Match-Logs
40,,Ross Barkley,eng ENG,"MF,FW",Everton,22,1993,36,32,"2,899",5,8,0,0,5,0,0.16,0.25,0.40,0.16,0.40,/en/players/3a24769f/matchlogs/2016-2017/Ross-Barkley-Match-Logs
41,,Ashley Barnes,at AUT,FW,Burnley,26,1989,28,20,"1,773",6,2,2,2,7,2,0.30,0.10,0.41,0.20,0.30,/en/players/2691c772/matchlogs/2016-2017/Ashley-Barnes-Match-Logs
42,,Antonio Barragán,es ESP,DF,Middlesbrough,29,1987,26,26,"2,193",0,0,0,0,5,0,0.00,0.00,0.00,0.00,0.00,/en/players/487d9b09/matchlogs/2016-2017/Antonio-Barragan-Match-Logs
43,,Modou Barrow,gm GAM,"MF,FW",Swansea City,23,1992,18,12,"1,145",0,2,0,0,1,0,0.00,0.16,0.16,0.00,0.16,/en/players/75783f5f/matchlogs/2016-2017/Modou-Barrow-Match-Logs
44,,Gareth Barry,eng ENG,MF,Everton,35,1981,33,23,"2,108",2,1,0,0,10,0,0.09,0.04,0.13,0.09,0.13,/en/players/7dbbe367/matchlogs/2016-2017/Gareth-Barry-Match-Logs
45,,Joey Barton,eng ENG,MF,Burnley,33,1982,14,12,"1,105",1,0,0,0,4,0,0.08,0.00,0.08,0.08,0.08,/en/players/93bfa675/matchlogs/2016-2017/Joey-Barton-Match-Logs
46,,Borja Bastón,es ESP,FW,Swansea City,23,1992,18,4,561,1,0,0,0,0,0,0.16,0.00,0.16,0.16,0.16,/en/players/8c44e37b/matchlogs/2016-2017/Borja-Baston-Match-Logs
47,,Michy Batshuayi,be BEL,FW,Chelsea,22,1993,20,1,254,5,1,0,0,0,0,1.77,0.35,2.13,1.77,2.13,/en/players/2973d8ff/matchlogs/2016-2017/Michy-Batshuayi-Match-Logs
48,,Asmir Begović,ba BIH,GK,Chelsea,29,1987,2,2,180,0,0,0,0,0,0,0.00,0.00,0.00,0.00,0.00,/en/players/7b4de647/matchlogs/2016-2017/Asmir-Begovic-Match-Logs
49,,Valon Behrami,ch SUI,MF,Watford,31,1985,27,26,"2,030",0,2,0,0,7,0,0.00,0.09,0.09,0.00,0.09,/en/players/d3d758d8/matchlogs/2016-2017/Valon-Behrami-Match-Logs
50,,Héctor Bellerín,es ESP,"DF,MF",Arsenal,21,1995,33,27,"2,503",1,4,0,0,4,0,0.04,0.14,0.18,0.04,0.18,/en/players/f874dd44/matchlogs/2016-2017/Hector-Bellerin-Match-Logs
51,,Yohan Benalouane,tn TUN,DF,Leicester City,29,1987,11,11,917,0,0,0,0,4,0,0.00,0.00,0.00,0.00,0.00,/en/players/8309b068/matchlogs/2016-2017/Yohan-Benalouane-Match-Logs
52,,Christian Benteke,be BEL,FW,Crystal Palace,25,1990,36,36,"3,131",15,2,2,4,10,0,0.43,0.06,0.49,0.37,0.43,/en/players/ab070c55/matchlogs/2016-2017/Christian-Benteke-Match-Logs
53,,Jonathan Benteke,be BEL,FW,Crystal Palace,21,1995,1,0,7,0,0,0,0,0,0,0.00,0.00,0.00,0.00,0.00,/en/players/5c59bc47/matchlogs/2016-2017/Jonathan-Benteke-Match-Logs
54,,Saido Berahino,bi BDI,FW,Stoke City,22,1993,13,8,720,0,0,0,0,0,0,0.00,0.00,0.00,0.00,0.00,/en/players/25b166d0/matchlogs/2016-2017/Saido-Berahino-Match-Logs
55,,Saido Berahino,bi BDI,FW,West Brom,22,1993,4,3,243,0,0,0,0,1,0,0.00,0.00,0.00,0.00,0.00,/en/players/25b166d0/matchlogs/2016-2017/Saido-Berahino-Match-Logs
56,,Jóhann Berg Guðmundsson,is ISL,MF,Burnley,25,1990,20,10,998,1,2,0,0,1,0,0.09,0.18,0.27,0.09,0.27,/en/players/f72293fc/matchlogs/2016-2017/Johann-Berg-Gudmundsson-Match-Logs
57,,Ryan Bertrand,eng ENG,DF,Southampton,26,1989,28,28,"2,507",2,3,0,0,3,0,0.07,0.11,0.18,0.07,0.18,/en/players/01226327/matchlogs/2016-2017/Ryan-Bertrand-Match-Logs
58,,Mame Biram Diouf,sn SEN,"MF,FW",Stoke City,28,1987,27,15,"1,385",1,2,0,0,3,0,0.06,0.13,0.19,0.06,0.19,/en/players/7f4f3e49/matchlogs/2016-2017/Mame-Biram-Diouf-Match-Logs
59,,Daley Blind,nl NED,DF,Manchester Utd,26,1990,23,20,"1,830",1,2,0,0,2,0,0.05,0.10,0.15,0.05,0.15,/en/players/691bef82/matchlogs/2016-2017/Daley-Blind-Match-Logs
60,,Yannick Bolasie,cd COD,"MF,FW",Everton,27,1989,13,12,"1,023",1,4,0,0,2,0,0.09,0.35,0.44,0.09,0.44,/en/players/715fc0fe/matchlogs/2016-2017/Yannick-Bolasie-Match-Logs
61,,Yannick Bolasie,cd COD,"FW,MF",Crystal Palace,27,1989,1,0,25,0,0,0,0,1,0,0.00,0.00,0.00,0.00,0.00,/en/players/715fc0fe/matchlogs/2016-2017/Yannick-Bolasie-Match-Logs
62,,Wilfried Bony,ci CIV,FW,Stoke City,27,1988,10,9,684,2,0,0,0,1,0,0.26,0.00,0.26,0.26,0.26,/en/players/61abe9b6/matchlogs/2016-2017/Wilfried-Bony-Match-Logs
63,,Fabio Borini,it ITA,"FW,MF",Sunderland,25,1991,24,19,"1,741",2,0,0,0,5,0,0.10,0.00,0.10,0.10,0.10,/en/players/ef5b337e/matchlogs/2016-2017/Fabio-Borini-Match-Logs
64,,Artur Boruc,pl POL,GK,Bournemouth,36,1980,35,35,"3,150",0,0,0,0,2,0,0.00,0.00,0.00,0.00,0.00,/en/players/34ccf6fa/matchlogs/2016-2017/Artur-Boruc-Match-Logs
65,,Sofiane Boufal,ma MAR,"FW,MF",Southampton,22,1993,24,12,"1,104",1,1,0,0,5,0,0.08,0.08,0.16,0.08,0.16,/en/players/b0c71810/matchlogs/2016-2017/Sofiane-Boufal-Match-Logs
66,,Jarrod Bowen,eng ENG,MF,Hull City,19,1996,7,1,181,0,0,0,0,0,0,0.00,0.00,0.00,0.00,0.00,/en/players/79c84d1c/matchlogs/2016-2017/Jarrod-Bowen-Match-Logs
67,,George Boyd,sco SCO,MF,Burnley,30,1985,36,33,"2,836",2,1,0,0,3,0,0.06,0.03,0.10,0.06,0.10,/en/players/0a9048ce/matchlogs/2016-2017/George-Boyd-Match-Logs
68,,Robbie Brady,ie IRL,MF,Burnley,24,1992,14,7,719,1,2,0,0,1,0,0.13,0.25,0.38,0.13,0.38,/en/players/96bb8cc2/matchlogs/2016-2017/Robbie-Brady-Match-Logs
69,,Claudio Bravo,cl CHI,GK,Manchester City,33,1983,22,22,"1,968",0,0,0,0,0,0,0.00,0.00,0.00,0.00,0.00,/en/players/10072610/matchlogs/2016-2017/Claudio-Bravo-Match-Logs
70,,Miguel Britos,uy URU,DF,Watford,31,1985,27,27,"2,282",1,2,0,0,8,4,0.04,0.08,0.12,0.04,0.12,/en/players/356a9a62/matchlogs/2016-2017/Miguel-Britos-Match-Logs
71,,Leon Britton,eng ENG,MF,Swansea City,33,1982,16,16,"1,163",0,0,0,0,3,0,0.00,0.00,0.00,0.00,0.00,/en/players/b92dd711/matchlogs/2016-2017/Leon-Britton-Match-Logs
72,,Chris Brunt,nir NIR,"MF,DF",West Brom,31,1984,31,27,"2,477",3,4,0,0,5,0,0.11,0.15,0.25,0.11,0.25,/en/players/ec7e6ad1/matchlogs/2016-2017/Chris-Brunt-Match-Logs
73,,Jack Butland,eng ENG,GK,Stoke City,23,1993,5,5,450,0,0,0,0,0,0,0.00,0.00,0.00,0.00,0.00,/en/players/cc70a1d5/matchlogs/2016-2017/Jack-Butland-Match-Logs
74,,Sam Byram,eng ENG,"DF,MF",West Ham,22,1993,18,13,"1,249",0,1,0,0,6,2,0.00,0.07,0.07,0.00,0.07,/en/players/1bf811d4/matchlogs/2016-2017/Sam-Byram-Match-Logs
75,,Willy Caballero,ar ARG,GK,Manchester City,34,1981,17,16,"1,452",0,0,0,0,0,0,0.00,0.00,0.00,0.00,0.00,/en/players/a179d516/matchlogs/2016-2017/Willy-Caballero-Match-Logs
76,,Yohan Cabaye,fr FRA,MF,Crystal Palace,30,1986,32,25,"2,125",4,2,0,1,7,0,0.17,0.08,0.25,0.17,0.25,/en/players/ad7b19ef/matchlogs/2016-2017/Yohan-Cabaye-Match-Logs
77,,Martín Cáceres,uy URU,DF,Southampton,29,1987,1,1,90,0,0,0,0,0,0,0.00,0.00,0.00,0.00,0.00,/en/players/e94d79e3/matchlogs/2016-2017/Martin-Caceres-Match-Logs
78,,Gary Cahill,eng ENG,DF,Chelsea,30,1985,37,36,"3,296",6,0,0,0,5,0,0.16,0.00,0.16,0.16,0.16,/en/players/7914b9fe/matchlogs/2016-2017/Gary-Cahill-Match-Logs
79,,Jonathan Calleri,ar ARG,FW,West Ham,22,1993,16,4,540,1,0,0,0,0,0,0.17,0.00,0.17,0.17,0.17,/en/players/6922f806/matchlogs/2016-2017/Jonathan-Calleri-Match-Logs
80,,Dominic Calvert-Lewin,eng ENG,"MF,FW",Everton,19,1997,11,5,347,1,0,0,0,1,0,0.26,0.00,0.26,0.26,0.26,/en/players/59e6e5bf/matchlogs/2016-2017/Dominic-Calvert-Lewin-Match-Logs
81,,Geoff Cameron,us USA,"MF,DF",Stoke City,31,1985,19,18,"1,629",0,2,0,0,1,0,0.00,0.11,0.11,0.00,0.11,/en/players/1a160ea3/matchlogs/2016-2017/Geoff-Cameron-Match-Logs
82,,Fraizer Campbell,eng ENG,FW,Crystal Palace,28,1987,12,0,165,1,0,0,0,0,0,0.55,0.00,0.55,0.55,0.55,/en/players/81d63375/matchlogs/2016-2017/Fraizer-Campbell-Match-Logs
83,,Emre Can,de GER,MF,Liverpool,22,1994,32,26,"2,371",5,2,0,0,6,0,0.19,0.08,0.27,0.19,0.27,/en/players/a65ce836/matchlogs/2016-2017/Emre-Can-Match-Logs
84,,Étienne Capoue,fr FRA,MF,Watford,28,1988,37,37,"3,203",7,1,0,0,5,0,0.20,0.03,0.22,0.20,0.22,/en/players/5acc4a10/matchlogs/2016-2017/Etienne-Capoue-Match-Logs
85,,Baily Cargill,eng ENG,DF,Bournemouth,21,1995,1,0,13,0,0,0,0,0,0,0.00,0.00,0.00,0.00,0.00,/en/players/6dbe8f69/matchlogs/2016-2017/Baily-Cargill-Match-Logs
86,,Michael Carrick,eng ENG,MF,Manchester Utd,35,1981,23,18,"1,600",0,0,0,0,2,0,0.00,0.00,0.00,0.00,0.00,/en/players/ab7263c1/matchlogs/2016-2017/Michael-Carrick-Match-Logs
87,,Andy Carroll,eng ENG,FW,West Ham,27,1989,18,15,"1,311",7,1,0,0,3,0,0.48,0.07,0.55,0.48,0.55,/en/players/b581987a/matchlogs/2016-2017/Andy-Carroll-Match-Logs
88,,Tom Carroll,eng ENG,MF,Tottenham,24,1992,1,0,1,0,0,0,0,0,0,0.00,0.00,0.00,0.00,0.00,/en/players/5a1900a4/matchlogs/2016-2017/Tom-Carroll-Match-Logs
89,,Tom Carroll,eng ENG,MF,Swansea City,24,1992,17,16,"1,387",1,2,0,0,1,0,0.06,0.13,0.19,0.06,0.19,/en/players/5a1900a4/matchlogs/2016-2017/Tom-Carroll-Match-Logs
90,,Joel Castro Pereira,pt POR,GK,Manchester Utd,20,1996,1,1,90,0,0,0,0,0,0,0.00,0.00,0.00,0.00,0.00,/en/players/881e5db7/matchlogs/2016-2017/Joel-Castro-Pereira-Match-Logs
91,,Craig Cathcart,nir NIR,DF,Watford,27,1989,15,13,"1,162",0,1,0,0,3,0,0.00,0.08,0.08,0.00,0.08,/en/players/89e4b358/matchlogs/2016-2017/Craig-Cathcart-Match-Logs
92,,Lee Cattermole,eng ENG,MF,Sunderland,28,1988,8,8,633,0,0,0,0,4,0,0.00,0.00,0.00,0.00,0.00,/en/players/538e77d5/matchlogs/2016-2017/Lee-Cattermole-Match-Logs
93,,Santi Cazorla,es ESP,MF,Arsenal,31,1984,8,7,618,2,1,2,2,2,0,0.29,0.15,0.44,0.00,0.15,/en/players/e2e9c250/matchlogs/2016-2017/Santi-Cazorla-Match-Logs
94,,Petr Čech,cz CZE,GK,Arsenal,34,1982,35,35,"3,097",0,0,0,0,2,0,0.00,0.00,0.00,0.00,0.00,/en/players/71672fa0/matchlogs/2016-2017/Petr-Cech-Match-Logs
95,,Nacer Chadli,be BEL,"MF,FW",West Brom,26,1989,31,27,"2,134",5,4,1,1,2,0,0.21,0.17,0.38,0.17,0.34,/en/players/5b54bf3b/matchlogs/2016-2017/Nacer-Chadli-Match-Logs
96,,Nathaniel Chalobah,eng ENG,MF,Chelsea,21,1994,10,1,167,0,0,0,0,2,0,0.00,0.00,0.00,0.00,0.00,/en/players/422862ea/matchlogs/2016-2017/Nathaniel-Chalobah-Match-Logs
97,,Calum Chambers,eng ENG,DF,Middlesbrough,21,1995,24,24,"2,160",1,1,0,0,4,0,0.04,0.04,0.08,0.04,0.08,/en/players/dc6f5bdd/matchlogs/2016-2017/Calum-Chambers-Match-Logs
98,,Calum Chambers,eng ENG,DF,Arsenal,21,1995,1,1,90,1,0,0,0,0,0,1.00,0.00,1.00,1.00,1.00,/en/players/dc6f5bdd/matchlogs/2016-2017/Calum-Chambers-Match-Logs
99,,Ben Chilwell,eng ENG,"DF,MF",Leicester City,19,1996,12,7,699,1,0,0,0,2,0,0.13,0.00,0.13,0.13,0.13,/en/players/d2424d1b/matchlogs/2016-2017/Ben-Chilwell-Match-Logs
100,,Lee Chung-yong,kr KOR,MF,Crystal Palace,28,1988,15,4,471,0,0,0,0,0,0,0.00,0.00,0.00,0.00,0.00,/en/players/49b05a83/matchlogs/2016-2017/Lee-Chung-yong-Match-Logs
101,,Jordy Clasie,nl NED,MF,Southampton,25,1991,16,12,"1,021",1,1,0,0,3,0,0.09,0.09,0.18,0.09,0.18,/en/players/31c01b85/matchlogs/2016-2017/Jordy-Clasie-Match-Logs
102,,Adam Clayton,eng ENG,MF,Middlesbrough,27,1989,34,32,"2,804",0,2,0,0,10,0,0.00,0.06,0.06,0.00,0.06,/en/players/45b59689/matchlogs/2016-2017/Adam-Clayton-Match-Logs
103,,Tom Cleverley,eng ENG,MF,Everton,26,1989,10,4,406,0,0,0,0,1,0,0.00,0.00,0.00,0.00,0.00,/en/players/6cdd8245/matchlogs/2016-2017/Tom-Cleverley-Match-Logs
104,,Tom Cleverley,eng ENG,MF,Watford,26,1989,17,16,"1,441",0,2,0,0,3,0,0.00,0.12,0.12,0.00,0.12,/en/players/6cdd8245/matchlogs/2016-2017/Tom-Cleverley-Match-Logs
105,,Gaël Clichy,fr FRA,DF,Manchester City,31,1985,25,24,"2,123",1,0,0,0,2,0,0.04,0.00,0.04,0.04,0.04,/en/players/450ad405/matchlogs/2016-2017/Gael-Clichy-Match-Logs
106,,Sam Clucas,eng ENG,MF,Hull City,25,1990,37,36,"3,185",3,1,0,0,9,1,0.08,0.03,0.11,0.08,0.11,/en/players/987718f5/matchlogs/2016-2017/Sam-Clucas-Match-Logs
107,,Nathaniel Clyne,eng ENG,DF,Liverpool,25,1991,37,37,"3,323",0,2,0,0,0,0,0.00,0.05,0.05,0.00,0.05,/en/players/0442183b/matchlogs/2016-2017/Nathaniel-Clyne-Match-Logs
108,,Séamus Coleman,ie IRL,"DF,MF",Everton,27,1988,26,26,"2,316",4,3,0,0,3,0,0.16,0.12,0.27,0.16,0.27,/en/players/0420d84f/matchlogs/2016-2017/Seamus-Coleman-Match-Logs
109,,James Collins,wal WAL,DF,West Ham,32,1983,22,19,"1,655",2,0,0,0,3,0,0.11,0.00,0.11,0.11,0.11,/en/players/c61f1719/matchlogs/2016-2017/James-Collins-Match-Logs
110,,Lewis Cook,eng ENG,MF,Bournemouth,19,1997,6,4,432,0,1,0,0,1,0,0.00,0.21,0.21,0.00,0.21,/en/players/2afc7272/matchlogs/2016-2017/Lewis-Cook-Match-Logs
111,,Steve Cook,eng ENG,DF,Bournemouth,25,1991,38,38,"3,420",2,0,0,0,5,0,0.05,0.00,0.05,0.05,0.05,/en/players/3e5e4e63/matchlogs/2016-2017/Steve-Cook-Match-Logs
112,,Francis Coquelin,fr FRA,MF,Arsenal,25,1991,29,22,"1,779",0,0,0,0,5,0,0.00,0.00,0.00,0.00,0.00,/en/players/a6951bf8/matchlogs/2016-2017/Francis-Coquelin-Match-Logs
113,,Jack Cork,eng ENG,MF,Swansea City,27,1989,30,25,"2,232",0,0,0,0,7,0,0.00,0.00,0.00,0.00,0.00,/en/players/74e12f1e/matchlogs/2016-2017/Jack-Cork-Match-Logs
114,,Diego Costa,es ESP,FW,Chelsea,27,1988,35,35,"3,082",20,6,0,1,10,0,0.58,0.18,0.76,0.58,0.76,/en/players/a190d597/matchlogs/2016-2017/Diego-Costa-Match-Logs
115,,Thibaut Courtois,be BEL,GK,Chelsea,24,1992,36,36,"3,240",0,0,0,0,1,0,0.00,0.00,0.00,0.00,0.00,/en/players/1840e36d/matchlogs/2016-2017/Thibaut-Courtois-Match-Logs
116,,Philippe Coutinho,br BRA,"FW,MF",Liverpool,24,1992,31,28,"2,227",13,8,0,0,2,0,0.53,0.32,0.85,0.53,0.85,/en/players/0ef89a37/matchlogs/2016-2017/Philippe-Coutinho-Match-Logs
117,,Aaron Cresswell,eng ENG,"DF,MF",West Ham,26,1989,26,24,"2,116",0,2,0,0,3,2,0.00,0.09,0.09,0.00,0.09,/en/players/4f974391/matchlogs/2016-2017/Aaron-Cresswell-Match-Logs
118,,Peter Crouch,eng ENG,FW,Stoke City,35,1981,27,13,"1,343",7,2,0,0,3,0,0.47,0.13,0.60,0.47,0.60,/en/players/73d9bdc7/matchlogs/2016-2017/Peter-Crouch-Match-Logs
119,,Charlie Daniels,eng ENG,DF,Bournemouth,29,1986,34,34,"3,060",4,3,0,0,1,0,0.12,0.09,0.21,0.12,0.21,/en/players/9d107085/matchlogs/2016-2017/Charlie-Daniels-Match-Logs
120,,Scott Dann,eng ENG,DF,Crystal Palace,29,1987,23,19,"1,797",3,1,0,0,2,0,0.15,0.05,0.20,0.15,0.20,/en/players/52105203/matchlogs/2016-2017/Scott-Dann-Match-Logs
121,,Matteo Darmian,it ITA,DF,Manchester Utd,26,1989,18,15,"1,333",0,0,0,0,3,0,0.00,0.00,0.00,0.00,0.00,/en/players/96e0490d/matchlogs/2016-2017/Matteo-Darmian-Match-Logs
122,,Ben Davies,wal WAL,"DF,MF",Tottenham,23,1993,23,18,"1,739",1,3,0,0,1,0,0.05,0.16,0.21,0.05,0.21,/en/players/44781702/matchlogs/2016-2017/Ben-Davies-Match-Logs
123,,Curtis Davies,eng ENG,DF,Hull City,31,1985,26,25,"2,135",0,2,0,0,4,0,0.00,0.08,0.08,0.00,0.08,/en/players/607fb965/matchlogs/2016-2017/Curtis-Davies-Match-Logs
124,,Tom Davies,eng ENG,MF,Everton,18,1998,24,18,"1,544",2,3,0,0,4,0,0.12,0.17,0.29,0.12,0.29,/en/players/9228b07c/matchlogs/2016-2017/Tom-Davies-Match-Logs
125,,Steven Davis,nir NIR,MF,Southampton,31,1985,32,29,"2,643",0,3,0,0,3,0,0.00,0.10,0.10,0.00,0.10,/en/players/cf15bbb1/matchlogs/2016-2017/Steven-Davis-Match-Logs
126,,Craig Dawson,eng ENG,DF,West Brom,26,1990,37,37,"3,276",4,0,0,0,10,0,0.11,0.00,0.11,0.11,0.11,/en/players/3e9e06cb/matchlogs/2016-2017/Craig-Dawson-Match-Logs
127,,Michael Dawson,eng ENG,DF,Hull City,32,1983,22,19,"1,722",3,0,0,0,4,0,0.16,0.00,0.16,0.16,0.16,/en/players/4771114f/matchlogs/2016-2017/Michael-Dawson-Match-Logs
128,,Kevin De Bruyne,be BEL,MF,Manchester City,25,1991,36,33,"2,877",6,17,0,1,4,0,0.19,0.53,0.72,0.19,0.72,/en/players/e46012d4/matchlogs/2016-2017/Kevin-De-Bruyne-Match-Logs
129,,Mathieu Debuchy,fr FRA,DF,Arsenal,31,1985,1,1,15,0,0,0,0,0,0,0.00,0.00,0.00,0.00,0.00,/en/players/92232aad/matchlogs/2016-2017/Mathieu-Debuchy-Match-Logs
130,,Troy Deeney,eng ENG,FW,Watford,28,1988,37,31,"2,944",10,4,3,3,7,0,0.31,0.12,0.43,0.21,0.34,/en/players/82e34b69/matchlogs/2016-2017/Troy-Deeney-Match-Logs
131,,Jermain Defoe,eng ENG,FW,Sunderland,33,1982,37,37,"3,321",15,2,5,5,1,0,0.41,0.05,0.46,0.27,0.33,/en/players/f1e8372d/matchlogs/2016-2017/Jermain-Defoe-Match-Logs
132,,Steven Defour,be BEL,MF,Burnley,28,1988,21,16,"1,068",1,3,0,0,1,0,0.08,0.25,0.34,0.08,0.34,/en/players/73489527/matchlogs/2016-2017/Steven-Defour-Match-Logs
133,,Damien Delaney,ie IRL,DF,Crystal Palace,35,1981,30,21,"2,014",0,2,0,0,8,0,0.00,0.09,0.09,0.00,0.09,/en/players/210d9ecb/matchlogs/2016-2017/Damien-Delaney-Match-Logs
134,,Fabian Delph,eng ENG,MF,Manchester City,26,1989,7,2,224,1,0,0,0,1,0,0.40,0.00,0.40,0.40,0.40,/en/players/111c3236/matchlogs/2016-2017/Fabian-Delph-Match-Logs
135,,Mousa Dembélé,be BEL,MF,Tottenham,29,1987,30,24,"2,056",1,1,0,0,5,0,0.04,0.04,0.09,0.04,0.09,/en/players/f7ee69fb/matchlogs/2016-2017/Mousa-Dembele-Match-Logs
136,,Jason Denayer,be BEL,"MF,DF",Sunderland,21,1995,24,22,"1,877",0,0,0,0,2,0,0.00,0.00,0.00,0.00,0.00,/en/players/47af88b8/matchlogs/2016-2017/Jason-Denayer-Match-Logs
137,,Memphis Depay,nl NED,"FW,MF",Manchester Utd,22,1994,4,0,24,0,0,0,0,1,0,0.00,0.00,0.00,0.00,0.00,/en/players/8f696594/matchlogs/2016-2017/Memphis-Depay-Match-Logs
138,,Mike van der Hoorn,nl NED,DF,Swansea City,23,1992,8,7,662,1,0,0,0,1,0,0.14,0.00,0.14,0.14,0.14,/en/players/25f50295/matchlogs/2016-2017/Mike-van-der-Hoorn-Match-Logs
139,,Gerard Deulofeu,es ESP,"FW,MF",Everton,22,1994,11,4,460,0,0,0,0,1,0,0.00,0.00,0.00,0.00,0.00,/en/players/39583cfd/matchlogs/2016-2017/Gerard-Deulofeu-Match-Logs
140,,Eric Dier,eng ENG,"DF,MF",Tottenham,22,1994,36,34,"3,043",2,1,0,0,6,0,0.06,0.03,0.09,0.06,0.09,/en/players/ac861941/matchlogs/2016-2017/Eric-Dier-Match-Logs
141,,Virgil van Dijk,nl NED,DF,Southampton,25,1991,21,21,"1,853",1,0,0,0,4,2,0.05,0.00,0.05,0.05,0.05,/en/players/e06683ca/matchlogs/2016-2017/Virgil-van-Dijk-Match-Logs
142,,Adama Diomande,no NOR,"FW,MF",Hull City,26,1990,22,13,"1,171",2,0,0,0,1,0,0.15,0.00,0.15,0.15,0.15,/en/players/336dbcb2/matchlogs/2016-2017/Adama-Diomande-Match-Logs
143,,Papy Djilobodji,sn SEN,DF,Sunderland,27,1988,18,17,"1,578",0,0,0,0,5,2,0.00,0.00,0.00,0.00,0.00,/en/players/083525e5/matchlogs/2016-2017/Papy-Djilobodji-Match-Logs
144,,Abdoulaye Doucouré,fr FRA,MF,Watford,23,1993,20,14,"1,361",1,0,0,0,4,0,0.07,0.00,0.07,0.07,0.07,/en/players/02b29014/matchlogs/2016-2017/Abdoulaye-Doucoure-Match-Logs
145,,Stewart Downing,eng ENG,"MF,FW",Middlesbrough,32,1984,30,24,"2,214",1,3,0,0,1,0,0.04,0.12,0.16,0.04,0.16,/en/players/b13c4620/matchlogs/2016-2017/Stewart-Downing-Match-Logs
146,,Danny Drinkwater,eng ENG,MF,Leicester City,26,1990,29,27,"2,466",1,2,0,0,6,0,0.04,0.07,0.11,0.04,0.11,/en/players/2649ff32/matchlogs/2016-2017/Danny-Drinkwater-Match-Logs
147,,Nathan Dyer,eng ENG,"MF,FW",Swansea City,28,1987,8,3,214,0,1,0,0,0,0,0.00,0.42,0.42,0.00,0.42,/en/players/6dfd5af0/matchlogs/2016-2017/Nathan-Dyer-Match-Logs
148,,Ovie Ejaria,eng ENG,MF,Liverpool,18,1997,2,0,8,0,0,0,0,0,0,0.00,0.00,0.00,0.00,0.00,/en/players/a801669e/matchlogs/2016-2017/Ovie-Ejaria-Match-Logs
149,,Omar Elabdellaoui,no NOR,"DF,MF",Hull City,24,1991,8,7,615,0,0,0,0,0,0,0.00,0.00,0.00,0.00,0.00,/en/players/4f56170e/matchlogs/2016-2017/Omar-Elabdellaoui-Match-Logs
150,,Andrew Eleftheriou,eng ENG,DF,Watford,18,1997,1,0,52,0,0,0,0,0,0,0.00,0.00,0.00,0.00,0.00,/en/players/0878b548/matchlogs/2016-2017/Andrew-Eleftheriou-Match-Logs
151,,Ahmed Elmohamady,eg EGY,"DF,MF",Hull City,28,1987,33,28,"2,524",0,2,0,0,3,1,0.00,0.07,0.07,0.00,0.07,/en/players/615ef733/matchlogs/2016-2017/Ahmed-Elmohamady-Match-Logs
152,,Mohamed Elneny,eg EGY,MF,Arsenal,24,1992,14,8,694,0,1,0,0,1,0,0.00,0.13,0.13,0.00,0.13,/en/players/47a34c4f/matchlogs/2016-2017/Mohamed-Elneny-Match-Logs
153,,Christian Eriksen,dk DEN,MF,Tottenham,24,1992,36,36,"3,157",8,15,0,0,0,0,0.23,0.43,0.66,0.23,0.66,/en/players/980522ec/matchlogs/2016-2017/Christian-Eriksen-Match-Logs
154,,Bernardo Espinosa,co COL,DF,Middlesbrough,27,1989,11,10,975,0,0,0,0,2,0,0.00,0.00,0.00,0.00,0.00,/en/players/4242011c/matchlogs/2016-2017/Bernardo-Espinosa-Match-Logs
155,,Jonny Evans,nir NIR,DF,West Brom,28,1988,31,30,"2,637",2,2,0,0,8,0,0.07,0.07,0.14,0.07,0.14,/en/players/f8fcd2a5/matchlogs/2016-2017/Jonny-Evans-Match-Logs
156,,Łukasz Fabiański,pl POL,GK,Swansea City,31,1985,37,37,"3,330",0,0,0,0,1,0,0.00,0.00,0.00,0.00,0.00,/en/players/9328b835/matchlogs/2016-2017/Lukasz-Fabianski-Match-Logs
157,,Fábio,br BRA,DF,Middlesbrough,26,1990,24,21,"1,847",0,0,0,0,8,0,0.00,0.00,0.00,0.00,0.00,/en/players/bc7b4580/matchlogs/2016-2017/Fabio-Match-Logs
158,,Cesc Fàbregas,es ESP,MF,Chelsea,29,1987,29,13,"1,339",5,12,0,0,8,0,0.34,0.81,1.14,0.34,1.14,/en/players/33508c78/matchlogs/2016-2017/Cesc-Fabregas-Match-Logs
159,,Adam Federici,au AUS,GK,Bournemouth,31,1985,2,2,180,0,0,0,0,1,0,0.00,0.00,0.00,0.00,0.00,/en/players/e5ea8be7/matchlogs/2016-2017/Adam-Federici-Match-Logs
160,,Sofiane Feghouli,dz ALG,"MF,FW",West Ham,26,1989,21,11,"1,041",3,2,0,0,1,1,0.26,0.17,0.43,0.26,0.43,/en/players/691f64f5/matchlogs/2016-2017/Sofiane-Feghouli-Match-Logs
161,,Marouane Fellaini,be BEL,MF,Manchester Utd,28,1987,28,18,"1,605",1,0,0,0,9,1,0.06,0.00,0.06,0.06,0.06,/en/players/87575fd9/matchlogs/2016-2017/Marouane-Fellaini-Match-Logs
162,,Leroy Fer,nl NED,MF,Swansea City,26,1990,34,27,"2,404",6,2,0,0,9,0,0.22,0.07,0.30,0.22,0.30,/en/players/3cefa66a/matchlogs/2016-2017/Leroy-Fer-Match-Logs
163,,Edimilson Fernandes,ch SUI,MF,West Ham,20,1996,28,8,"1,001",0,1,0,0,4,0,0.00,0.09,0.09,0.00,0.09,/en/players/3bb625ac/matchlogs/2016-2017/Edimilson-Fernandes-Match-Logs
164,,Federico Fernández,ar ARG,DF,Swansea City,27,1989,27,27,"2,430",0,2,0,0,7,0,0.00,0.07,0.07,0.00,0.07,/en/players/f25b010f/matchlogs/2016-2017/Federico-Fernandez-Match-Logs
165,,Fernandinho,br BRA,"MF,DF",Manchester City,31,1985,32,31,"2,756",2,1,0,0,4,2,0.07,0.03,0.10,0.07,0.10,/en/players/101da2b5/matchlogs/2016-2017/Fernandinho-Match-Logs
166,,Fernando,br BRA,"MF,DF",Manchester City,29,1987,15,5,568,0,0,0,0,3,0,0.00,0.00,0.00,0.00,0.00,/en/players/41f32541/matchlogs/2016-2017/Fernando-Match-Logs
167,,Sam Field,eng ENG,MF,West Brom,18,1998,8,4,275,0,0,0,0,2,0,0.00,0.00,0.00,0.00,0.00,/en/players/bd8a7d05/matchlogs/2016-2017/Sam-Field-Match-Logs
168,,Roberto Firmino,br BRA,FW,Liverpool,24,1991,35,34,"3,062",11,7,0,0,5,0,0.32,0.21,0.53,0.32,0.53,/en/players/4c370d81/matchlogs/2016-2017/Roberto-Firmino-Match-Logs
169,,Viktor Fischer,dk DEN,"FW,MF",Middlesbrough,22,1994,13,6,438,0,3,0,0,0,0,0.00,0.62,0.62,0.00,0.62,/en/players/b5920350/matchlogs/2016-2017/Viktor-Fischer-Match-Logs
170,,Mathieu Flamini,fr FRA,MF,Crystal Palace,32,1984,10,3,274,0,0,0,0,0,0,0.00,0.00,0.00,0.00,0.00,/en/players/148d4105/matchlogs/2016-2017/Mathieu-Flamini-Match-Logs
171,,Jon Flanagan,eng ENG,DF,Burnley,23,1993,6,3,360,0,0,0,0,2,0,0.00,0.00,0.00,0.00,0.00,/en/players/f2428fd4/matchlogs/2016-2017/Jon-Flanagan-Match-Logs
172,,Ashley Fletcher,eng ENG,FW,West Ham,20,1995,16,2,367,0,0,0,0,2,0,0.00,0.00,0.00,0.00,0.00,/en/players/eeb6551f/matchlogs/2016-2017/Ashley-Fletcher-Match-Logs
173,,Darren Fletcher,sco SCO,MF,West Brom,32,1984,38,37,"3,231",2,3,0,0,0,0,0.06,0.08,0.14,0.06,0.14,/en/players/184e4970/matchlogs/2016-2017/Darren-Fletcher-Match-Logs
174,,Michael Folivi,eng ENG,FW,Watford,18,1998,1,0,10,0,0,0,0,0,0,0.00,0.00,0.00,0.00,0.00,/en/players/a7b41270/matchlogs/2016-2017/Michael-Folivi-Match-Logs
175,,José Fonte,pt POR,DF,Southampton,32,1983,17,17,"1,530",0,0,0,0,2,0,0.00,0.00,0.00,0.00,0.00,/en/players/90f87966/matchlogs/2016-2017/Jose-Fonte-Match-Logs
176,,José Fonte,pt POR,DF,West Ham,32,1983,16,16,"1,404",0,0,0,0,2,0,0.00,0.00,0.00,0.00,0.00,/en/players/90f87966/matchlogs/2016-2017/Jose-Fonte-Match-Logs
177,,Adam Forshaw,eng ENG,MF,Middlesbrough,24,1991,34,30,"2,695",0,1,0,0,4,0,0.00,0.03,0.03,0.00,0.03,/en/players/9f1938ab/matchlogs/2016-2017/Adam-Forshaw-Match-Logs
178,,Fraser Forster,eng ENG,GK,Southampton,28,1988,38,38,"3,420",0,0,0,0,3,0,0.00,0.00,0.00,0.00,0.00,/en/players/c3e39f12/matchlogs/2016-2017/Fraser-Forster-Match-Logs
179,,Ben Foster,eng ENG,GK,West Brom,33,1983,38,38,"3,420",0,0,0,0,2,0,0.00,0.00,0.00,0.00,0.00,/en/players/d0b3ceb9/matchlogs/2016-2017/Ben-Foster-Match-Logs
180,,Timothy Fosu-Mensah,nl NED,DF,Manchester Utd,18,1998,4,1,97,0,0,0,0,0,0,0.00,0.00,0.00,0.00,0.00,/en/players/a9142dc3/matchlogs/2016-2017/Timothy-Fosu-Mensah-Match-Logs
181,,Simon Francis,eng ENG,DF,Bournemouth,31,1985,34,34,"2,939",0,1,0,0,4,1,0.00,0.03,0.03,0.00,0.03,/en/players/1e0b6a73/matchlogs/2016-2017/Simon-Francis-Match-Logs
182,,Ryan Fraser,sco SCO,MF,Bournemouth,22,1994,28,19,"1,764",3,5,0,0,3,0,0.15,0.26,0.41,0.15,0.41,/en/players/d56543a0/matchlogs/2016-2017/Ryan-Fraser-Match-Logs
183,,George Friend,eng ENG,DF,Middlesbrough,28,1987,24,20,"1,964",0,2,0,0,4,0,0.00,0.09,0.09,0.00,0.09,/en/players/4f97147d/matchlogs/2016-2017/George-Friend-Match-Logs
184,,Zeki Fryers,eng ENG,DF,Crystal Palace,23,1992,8,0,188,0,0,0,0,0,0,0.00,0.00,0.00,0.00,0.00,/en/players/f58d6213/matchlogs/2016-2017/Zeki-Fryers-Match-Logs
185,,Christian Fuchs,at AUT,DF,Leicester City,30,1986,36,35,"3,103",2,3,0,0,10,0,0.06,0.09,0.15,0.06,0.15,/en/players/a67a09fb/matchlogs/2016-2017/Christian-Fuchs-Match-Logs
186,,Jay Fulton,sco SCO,MF,Swansea City,22,1994,11,9,690,0,0,0,0,2,0,0.00,0.00,0.00,0.00,0.00,/en/players/434ad289/matchlogs/2016-2017/Jay-Fulton-Match-Logs
187,,Ramiro Funes Mori,ar ARG,DF,Everton,25,1991,23,16,"1,543",0,1,0,0,0,0,0.00,0.06,0.06,0.00,0.06,/en/players/89cbc961/matchlogs/2016-2017/Ramiro-Funes-Mori-Match-Logs
188,,Manolo Gabbiadini,it ITA,FW,Southampton,24,1991,11,10,724,4,0,0,1,1,0,0.50,0.00,0.50,0.50,0.50,/en/players/8f866fe8/matchlogs/2016-2017/Manolo-Gabbiadini-Match-Logs
189,,Brendan Galloway,eng ENG,DF,West Brom,20,1996,3,3,247,0,0,0,0,0,0,0.00,0.00,0.00,0.00,0.00,/en/players/321506b3/matchlogs/2016-2017/Brendan-Galloway-Match-Logs
190,,Idrissa Gana Gueye,sn SEN,MF,Everton,26,1989,33,32,"2,681",1,1,0,0,11,0,0.03,0.03,0.07,0.03,0.07,/en/players/72c812f3/matchlogs/2016-2017/Idrissa-Gana-Gueye-Match-Logs
191,,Aleix García,es ESP,MF,Manchester City,19,1997,4,1,77,0,0,0,0,0,0,0.00,0.00,0.00,0.00,0.00,/en/players/a10361d2/matchlogs/2016-2017/Aleix-Garcia-Match-Logs
192,,Craig Gardner,eng ENG,MF,West Brom,29,1986,9,2,218,0,1,0,0,1,0,0.00,0.41,0.41,0.00,0.41,/en/players/1117b9ff/matchlogs/2016-2017/Craig-Gardner-Match-Logs
193,,David de Gea,es ESP,GK,Manchester Utd,25,1990,35,35,"3,150",0,0,0,0,2,0,0.00,0.00,0.00,0.00,0.00,/en/players/7ba6d84e/matchlogs/2016-2017/David-de-Gea-Match-Logs
194,,Rudy Gestede,bj BEN,FW,Middlesbrough,27,1988,16,4,533,1,0,0,0,3,0,0.17,0.00,0.17,0.17,0.17,/en/players/822b3ef9/matchlogs/2016-2017/Rudy-Gestede-Match-Logs
195,,Kieran Gibbs,eng ENG,"MF,DF",Arsenal,26,1989,11,8,702,0,1,0,0,3,0,0.00,0.13,0.13,0.00,0.13,/en/players/46ee5234/matchlogs/2016-2017/Kieran-Gibbs-Match-Logs
196,,Ben Gibson,eng ENG,DF,Middlesbrough,23,1993,38,38,"3,420",1,1,0,0,4,0,0.03,0.03,0.05,0.03,0.05,/en/players/bcfb0142/matchlogs/2016-2017/Ben-Gibson-Match-Logs
197,,Darron Gibson,ie IRL,MF,Sunderland,28,1987,12,7,640,0,0,0,0,4,0,0.00,0.00,0.00,0.00,0.00,/en/players/f0e72e1c/matchlogs/2016-2017/Darron-Gibson-Match-Logs
198,,Olivier Giroud,fr FRA,FW,Arsenal,29,1986,29,11,"1,206",12,3,0,0,2,0,0.90,0.22,1.12,0.90,1.12,/en/players/16ceb862/matchlogs/2016-2017/Olivier-Giroud-Match-Logs
199,,Shay Given,ie IRL,GK,Stoke City,40,1976,5,5,450,0,0,0,0,1,0,0.00,0.00,0.00,0.00,0.00,/en/players/0db918ff/matchlogs/2016-2017/Shay-Given-Match-Logs
200,,Evandro Goebel,br BRA,MF,Hull City,29,1986,11,7,576,0,0,0,0,1,0,0.00,0.00,0.00,0.00,0.00,/en/players/67dbadfc/matchlogs/2016-2017/Evandro-Goebel-Match-Logs
201,,Angel Gomes,eng ENG,MF,Manchester Utd,15,2000,1,0,3,0,0,0,0,0,0,0.00,0.00,0.00,0.00,0.00,/en/players/645a3363/matchlogs/2016-2017/Angel-Gomes-Match-Logs
202,,Heurelho Gomes,br BRA,GK,Watford,35,1981,38,38,"3,337",0,0,0,0,1,0,0.00,0.00,0.00,0.00,0.00,/en/players/d596e193/matchlogs/2016-2017/Heurelho-Gomes-Match-Logs
203,,Lynden Gooch,us USA,MF,Sunderland,20,1995,11,4,366,0,0,0,0,3,0,0.00,0.00,0.00,0.00,0.00,/en/players/1ea00b03/matchlogs/2016-2017/Lynden-Gooch-Match-Logs
204,,Dan Gosling,eng ENG,MF,Bournemouth,26,1990,27,14,"1,366",2,0,0,0,6,0,0.13,0.00,0.13,0.13,0.13,/en/players/7fec31a0/matchlogs/2016-2017/Dan-Gosling-Match-Logs
205,,Lewis Grabban,eng ENG,"FW,MF",Bournemouth,28,1988,3,0,60,0,0,0,0,0,0,0.00,0.00,0.00,0.00,0.00,/en/players/1a857282/matchlogs/2016-2017/Lewis-Grabban-Match-Logs
206,,Max Gradel,ci CIV,"FW,MF",Bournemouth,28,1987,11,0,134,0,0,0,0,3,0,0.00,0.00,0.00,0.00,0.00,/en/players/c5a500ca/matchlogs/2016-2017/Max-Gradel-Match-Logs
207,,Lee Grant,eng ENG,GK,Stoke City,33,1983,28,28,"2,520",0,0,0,0,1,0,0.00,0.00,0.00,0.00,0.00,/en/players/9dab6e3b/matchlogs/2016-2017/Lee-Grant-Match-Logs
208,,Andre Gray,eng ENG,FW,Burnley,25,1991,32,26,"2,259",9,3,2,2,2,0,0.36,0.12,0.48,0.28,0.40,/en/players/c24dba2a/matchlogs/2016-2017/Andre-Gray-Match-Logs
209,,Demarai Gray,eng ENG,"MF,FW",Leicester City,20,1996,30,9,"1,049",1,3,0,0,2,0,0.09,0.26,0.34,0.09,0.34,/en/players/4468ec10/matchlogs/2016-2017/Demarai-Gray-Match-Logs
210,,Kamil Grosicki,pl POL,MF,Hull City,28,1988,15,12,"1,143",0,3,0,0,1,0,0.00,0.24,0.24,0.00,0.24,/en/players/81d8091f/matchlogs/2016-2017/Kamil-Grosicki-Match-Logs
211,,Marko Grujić,rs SRB,MF,Liverpool,20,1996,5,0,43,0,0,0,0,1,0,0.00,0.00,0.00,0.00,0.00,/en/players/8b8e759d/matchlogs/2016-2017/Marko-Grujic-Match-Logs
212,,Adlène Guedioura,dz ALG,MF,Watford,30,1985,12,9,721,0,0,0,0,2,0,0.00,0.00,0.00,0.00,0.00,/en/players/f75825e3/matchlogs/2016-2017/Adlene-Guedioura-Match-Logs
213,,Adlène Guedioura,dz ALG,MF,Middlesbrough,30,1985,5,0,140,0,0,0,0,0,0,0.00,0.00,0.00,0.00,0.00,/en/players/f75825e3/matchlogs/2016-2017/Adlene-Guedioura-Match-Logs
214,,İlkay Gündoğan,de GER,MF,Manchester City,25,1990,10,9,704,3,1,0,0,0,0,0.38,0.13,0.51,0.38,0.51,/en/players/819b3158/matchlogs/2016-2017/Ilkay-Gundogan-Match-Logs
215,,Brad Guzan,us USA,GK,Middlesbrough,31,1984,10,10,900,0,0,0,0,0,0,0.00,0.00,0.00,0.00,0.00,/en/players/d899e3bf/matchlogs/2016-2017/Brad-Guzan-Match-Logs
216,,Josh Harrop,eng ENG,FW,Manchester Utd,20,1995,1,1,90,1,0,0,0,0,0,1.00,0.00,1.00,1.00,1.00,/en/players/00e1cf8f/matchlogs/2016-2017/Josh-Harrop-Match-Logs
217,,Eden Hazard,be BEL,"FW,MF",Chelsea,25,1991,36,36,"2,982",16,5,2,3,3,0,0.48,0.15,0.63,0.42,0.57,/en/players/a39bb753/matchlogs/2016-2017/Eden-Hazard-Match-Logs
218,,Tom Heaton,eng ENG,GK,Burnley,30,1986,35,35,"3,150",0,0,0,0,1,0,0.00,0.00,0.00,0.00,0.00,/en/players/a6de6361/matchlogs/2016-2017/Tom-Heaton-Match-Logs
219,,Jordan Henderson,eng ENG,MF,Liverpool,26,1990,24,24,"2,116",1,4,0,0,8,0,0.04,0.17,0.21,0.04,0.21,/en/players/935e6b8f/matchlogs/2016-2017/Jordan-Henderson-Match-Logs
220,,Jeff Hendrick,ie IRL,MF,Burnley,24,1992,32,31,"2,692",2,1,0,0,6,1,0.07,0.03,0.10,0.07,0.10,/en/players/989d5705/matchlogs/2016-2017/Jeff-Hendrick-Match-Logs
221,,Wayne Hennessey,wal WAL,GK,Crystal Palace,29,1987,29,29,"2,610",0,0,0,0,1,0,0.00,0.00,0.00,0.00,0.00,/en/players/76eca7e2/matchlogs/2016-2017/Wayne-Hennessey-Match-Logs
222,,Markus Henriksen,no NOR,MF,Hull City,24,1992,15,6,638,0,0,0,0,1,0,0.00,0.00,0.00,0.00,0.00,/en/players/26acecd2/matchlogs/2016-2017/Markus-Henriksen-Match-Logs
223,,Abel Hernández,uy URU,FW,Hull City,25,1990,24,16,"1,425",4,3,0,0,0,0,0.25,0.19,0.44,0.25,0.44,/en/players/a36da810/matchlogs/2016-2017/Abel-Hernandez-Match-Logs
224,,Luis Hernández,es ESP,DF,Leicester City,27,1989,4,3,327,0,0,0,0,1,0,0.00,0.00,0.00,0.00,0.00,/en/players/02d2c436/matchlogs/2016-2017/Luis-Hernandez-Match-Logs
225,,Ander Herrera,es ESP,MF,Manchester Utd,26,1989,31,27,"2,464",1,5,0,0,6,2,0.04,0.18,0.22,0.04,0.22,/en/players/436a9dd0/matchlogs/2016-2017/Ander-Herrera-Match-Logs
226,,Son Heung-min,kr KOR,"MF,FW",Tottenham,24,1992,34,23,"2,062",14,6,0,0,2,0,0.61,0.26,0.87,0.61,0.87,/en/players/92e7e919/matchlogs/2016-2017/Son-Heung-min-Match-Logs
227,,Rob Holding,eng ENG,DF,Arsenal,20,1995,9,9,810,0,0,0,0,3,0,0.00,0.00,0.00,0.00,0.00,/en/players/d79a8c87/matchlogs/2016-2017/Rob-Holding-Match-Logs
228,,José Holebas,gr GRE,"DF,MF",Watford,32,1984,33,33,"2,905",2,4,0,0,14,0,0.06,0.12,0.19,0.06,0.19,/en/players/12aa7661/matchlogs/2016-2017/Jose-Holebas-Match-Logs
229,,Mason Holgate,eng ENG,DF,Everton,19,1996,18,16,"1,372",0,1,0,0,2,0,0.00,0.07,0.07,0.00,0.07,/en/players/d0042ab9/matchlogs/2016-2017/Mason-Holgate-Match-Logs
230,,George Honeyman,eng ENG,MF,Sunderland,21,1994,5,2,235,0,0,0,0,1,0,0.00,0.00,0.00,0.00,0.00,/en/players/84afeaff/matchlogs/2016-2017/George-Honeyman-Match-Logs
231,,Tom Huddlestone,eng ENG,MF,Hull City,29,1986,31,23,"2,026",1,0,1,1,5,1,0.04,0.00,0.04,0.00,0.00,/en/players/464cbbc9/matchlogs/2016-2017/Tom-Huddlestone-Match-Logs
232,,James Husband,eng ENG,DF,Middlesbrough,22,1994,1,1,58,0,0,0,0,0,0,0.00,0.00,0.00,0.00,0.00,/en/players/33e2d513/matchlogs/2016-2017/James-Husband-Match-Logs
233,,Robert Huth,de GER,DF,Leicester City,31,1984,33,33,"2,926",2,1,0,0,9,0,0.06,0.03,0.09,0.06,0.09,/en/players/0bd1ea64/matchlogs/2016-2017/Robert-Huth-Match-Logs
234,,Pierre Højbjerg,dk DEN,MF,Southampton,20,1995,22,14,"1,301",0,0,0,0,2,0,0.00,0.00,0.00,0.00,0.00,/en/players/8b04d6c1/matchlogs/2016-2017/Pierre-Hojbjerg-Match-Logs
235,,Jordon Ibe,eng ENG,"MF,FW",Bournemouth,20,1995,25,13,"1,055",0,0,0,0,0,0,0.00,0.00,0.00,0.00,0.00,/en/players/9f736ed2/matchlogs/2016-2017/Jordon-Ibe-Match-Logs
236,,Didier Ibrahim Ndong,ga GAB,MF,Sunderland,22,1994,31,27,"2,520",1,0,0,0,5,0,0.04,0.00,0.04,0.04,0.04,/en/players/885b7aa7/matchlogs/2016-2017/Didier-Ibrahim-Ndong-Match-Logs
237,,Zlatan Ibrahimović,se SWE,FW,Manchester Utd,34,1981,28,27,"2,438",17,5,2,3,7,0,0.63,0.18,0.81,0.55,0.74,/en/players/4cde5509/matchlogs/2016-2017/Zlatan-Ibrahimovic-Match-Logs
238,,Odion Ighalo,ng NGA,FW,Watford,27,1989,18,14,"1,291",1,0,0,0,1,0,0.07,0.00,0.07,0.07,0.07,/en/players/03622183/matchlogs/2016-2017/Odion-Ighalo-Match-Logs
239,,Kelechi Iheanacho,ng NGA,FW,Manchester City,19,1996,20,5,537,4,3,0,0,0,0,0.67,0.50,1.17,0.67,1.17,/en/players/c92e1a31/matchlogs/2016-2017/Kelechi-Iheanacho-Match-Logs
240,,Giannelli Imbula,cd COD,MF,Stoke City,23,1992,12,9,796,0,0,0,0,1,0,0.00,0.00,0.00,0.00,0.00,/en/players/b86fe156/matchlogs/2016-2017/Giannelli-Imbula-Match-Logs
241,,Branislav Ivanović,rs SRB,DF,Chelsea,32,1984,13,6,589,0,0,0,0,2,0,0.00,0.00,0.00,0.00,0.00,/en/players/85f8571a/matchlogs/2016-2017/Branislav-Ivanovic-Match-Logs
242,,Alex Iwobi,ng NGA,MF,Arsenal,20,1996,26,18,"1,456",3,4,0,0,1,0,0.19,0.25,0.43,0.19,0.43,/en/players/6ca5ec4b/matchlogs/2016-2017/Alex-Iwobi-Match-Logs
243,,Phil Jagielka,eng ENG,DF,Everton,33,1982,27,25,"2,250",3,2,0,0,5,2,0.12,0.08,0.20,0.12,0.20,/en/players/3233eefd/matchlogs/2016-2017/Phil-Jagielka-Match-Logs
244,,Eldin Jakupović,ch SUI,GK,Hull City,31,1984,22,22,"1,980",0,0,0,0,0,0,0.00,0.00,0.00,0.00,0.00,/en/players/1148323a/matchlogs/2016-2017/Eldin-Jakupovic-Match-Logs
245,,Matty James,eng ENG,MF,Leicester City,25,1991,1,0,1,0,0,0,0,0,0,0.00,0.00,0.00,0.00,0.00,/en/players/ebd0a048/matchlogs/2016-2017/Matty-James-Match-Logs
246,,Daryl Janmaat,nl NED,"MF,DF",Watford,27,1989,27,18,"1,617",2,1,0,0,2,0,0.11,0.06,0.17,0.11,0.17,/en/players/45da6694/matchlogs/2016-2017/Daryl-Janmaat-Match-Logs
247,,Vincent Janssen,nl NED,FW,Tottenham,22,1994,27,7,845,2,2,1,1,0,0,0.21,0.21,0.43,0.11,0.32,/en/players/31dce0c8/matchlogs/2016-2017/Vincent-Janssen-Match-Logs
248,,Adnan Januzaj,be BEL,"MF,FW",Sunderland,21,1995,25,18,"1,629",0,2,0,0,4,2,0.00,0.11,0.11,0.00,0.11,/en/players/4737cebe/matchlogs/2016-2017/Adnan-Januzaj-Match-Logs
249,,Mile Jedinak,au AUS,MF,Crystal Palace,31,1984,1,1,90,0,0,0,0,0,0,0.00,0.00,0.00,0.00,0.00,/en/players/22fd2214/matchlogs/2016-2017/Mile-Jedinak-Match-Logs
250,,Carl Jenkinson,eng ENG,DF,Arsenal,24,1992,1,1,82,0,0,0,0,0,0,0.00,0.00,0.00,0.00,0.00,/en/players/874125a3/matchlogs/2016-2017/Carl-Jenkinson-Match-Logs
251,,Gabriel Jesus,br BRA,"FW,MF",Manchester City,19,1997,10,8,650,7,4,1,1,2,0,0.97,0.55,1.52,0.83,1.38,/en/players/b66315ae/matchlogs/2016-2017/Gabriel-Jesus-Match-Logs
252,,Glen Johnson,eng ENG,DF,Stoke City,31,1984,23,21,"1,957",0,0,0,0,1,0,0.00,0.00,0.00,0.00,0.00,/en/players/8cceca90/matchlogs/2016-2017/Glen-Johnson-Match-Logs
253,,Billy Jones,eng ENG,"DF,MF",Sunderland,29,1987,27,25,"2,270",1,0,0,0,8,0,0.04,0.00,0.04,0.04,0.04,/en/players/aa3cb1ad/matchlogs/2016-2017/Billy-Jones-Match-Logs
254,,David Jones,eng ENG,MF,Burnley,31,1984,1,1,86,0,0,0,0,1,0,0.00,0.00,0.00,0.00,0.00,/en/players/2f0edbe7/matchlogs/2016-2017/David-Jones-Match-Logs
255,,Phil Jones,eng ENG,DF,Manchester Utd,24,1992,18,18,"1,584",0,0,0,0,2,0,0.00,0.00,0.00,0.00,0.00,/en/players/def899bd/matchlogs/2016-2017/Phil-Jones-Match-Logs
256,,Lukas Jutkiewicz,eng ENG,FW,Burnley,27,1989,2,0,13,0,0,0,0,0,0,0.00,0.00,0.00,0.00,0.00,/en/players/3943a06f/matchlogs/2016-2017/Lukas-Jutkiewicz-Match-Logs
257,,Christian Kabasele,be BEL,"DF,MF",Watford,25,1991,16,7,771,2,0,0,0,1,0,0.23,0.00,0.23,0.23,0.23,/en/players/914ab9a1/matchlogs/2016-2017/Christian-Kabasele-Match-Logs
258,,Younès Kaboul,fr FRA,DF,Sunderland,30,1986,1,1,90,0,0,0,0,0,0,0.00,0.00,0.00,0.00,0.00,/en/players/3680d723/matchlogs/2016-2017/Younes-Kaboul-Match-Logs
259,,Younès Kaboul,fr FRA,DF,Watford,30,1986,22,22,"1,820",2,0,0,0,2,0,0.10,0.00,0.10,0.10,0.10,/en/players/3680d723/matchlogs/2016-2017/Younes-Kaboul-Match-Logs
260,,Sullay Kaikai,eng ENG,MF,Crystal Palace,20,1995,1,0,24,0,0,0,0,0,0,0.00,0.00,0.00,0.00,0.00,/en/players/fc166e49/matchlogs/2016-2017/Sullay-Kaikai-Match-Logs
261,,Harry Kane,eng ENG,FW,Tottenham,23,1993,30,29,"2,521",29,5,5,6,3,0,1.04,0.18,1.21,0.86,1.04,/en/players/21a66f6a/matchlogs/2016-2017/Harry-Kane-Match-Logs
262,,N'Golo Kanté,fr FRA,MF,Chelsea,25,1991,35,35,"3,138",1,1,0,0,9,0,0.03,0.03,0.06,0.03,0.06,/en/players/b9fbae28/matchlogs/2016-2017/NGolo-Kante-Match-Logs
263,,Loris Karius,de GER,GK,Liverpool,23,1993,10,10,900,0,0,0,0,0,0,0.00,0.00,0.00,0.00,0.00,/en/players/32e7ce92/matchlogs/2016-2017/Loris-Karius-Match-Logs
264,,Michael Keane,eng ENG,DF,Burnley,23,1993,35,35,"3,150",2,1,0,0,4,0,0.06,0.03,0.09,0.06,0.09,/en/players/c5b7c315/matchlogs/2016-2017/Michael-Keane-Match-Logs
265,,Will Keane,eng ENG,FW,Hull City,23,1993,5,4,280,0,0,0,0,0,0,0.00,0.00,0.00,0.00,0.00,/en/players/fc7f8f87/matchlogs/2016-2017/Will-Keane-Match-Logs
266,,Martin Kelly,eng ENG,DF,Crystal Palace,26,1990,29,25,"2,123",0,2,0,0,4,0,0.00,0.08,0.08,0.00,0.08,/en/players/d7492450/matchlogs/2016-2017/Martin-Kelly-Match-Logs
267,,Kenedy,br BRA,"FW,MF",Watford,20,1996,1,0,16,0,0,0,0,0,0,0.00,0.00,0.00,0.00,0.00,/en/players/5eebbfdf/matchlogs/2016-2017/Kenedy-Match-Logs
268,,Kenedy,br BRA,MF,Chelsea,20,1996,1,1,74,0,0,0,0,0,0,0.00,0.00,0.00,0.00,0.00,/en/players/5eebbfdf/matchlogs/2016-2017/Kenedy-Match-Logs
269,,Jonjoe Kenny,eng ENG,"DF,FW",Everton,19,1997,1,0,13,0,0,0,0,0,0,0.00,0.00,0.00,0.00,0.00,/en/players/099e666f/matchlogs/2016-2017/Jonjoe-Kenny-Match-Logs
270,,Wahbi Khazri,tn TUN,"MF,FW",Sunderland,25,1991,21,7,849,1,0,0,0,6,0,0.11,0.00,0.11,0.11,0.11,/en/players/2677a1de/matchlogs/2016-2017/Wahbi-Khazri-Match-Logs
271,,Michael Kightly,eng ENG,MF,Burnley,30,1986,5,1,104,0,0,0,0,0,0,0.00,0.00,0.00,0.00,0.00,/en/players/26e5c484/matchlogs/2016-2017/Michael-Kightly-Match-Logs
272,,Andy King,wal WAL,MF,Leicester City,27,1988,23,15,"1,446",1,0,0,0,4,0,0.06,0.00,0.06,0.06,0.06,/en/players/d790907f/matchlogs/2016-2017/Andy-King-Match-Logs
273,,Joshua King,no NOR,"MF,FW",Bournemouth,24,1992,36,31,"2,713",16,2,2,3,1,0,0.53,0.07,0.60,0.46,0.53,/en/players/43458538/matchlogs/2016-2017/Joshua-King-Match-Logs
274,,Stephen Kingsley,sco SCO,DF,Swansea City,22,1994,13,12,"1,036",0,1,0,0,0,0,0.00,0.09,0.09,0.00,0.09,/en/players/488cc9c7/matchlogs/2016-2017/Stephen-Kingsley-Match-Logs
275,,Jan Kirchhoff,de GER,MF,Sunderland,25,1990,7,5,433,0,0,0,0,1,0,0.00,0.00,0.00,0.00,0.00,/en/players/a14d04e3/matchlogs/2016-2017/Jan-Kirchhoff-Match-Logs
276,,Ragnar Klavan,ee EST,DF,Liverpool,30,1985,20,15,"1,410",0,0,0,0,3,0,0.00,0.00,0.00,0.00,0.00,/en/players/008a6e6d/matchlogs/2016-2017/Ragnar-Klavan-Match-Logs
277,,Aleksandar Kolarov,rs SRB,DF,Manchester City,30,1985,29,27,"2,535",1,2,0,0,6,0,0.04,0.07,0.11,0.04,0.11,/en/players/eda40760/matchlogs/2016-2017/Aleksandar-Kolarov-Match-Logs
278,,Vincent Kompany,be BEL,DF,Manchester City,30,1986,11,10,820,3,0,0,0,5,0,0.33,0.00,0.33,0.33,0.33,/en/players/d2bff301/matchlogs/2016-2017/Vincent-Kompany-Match-Logs
279,,Arouna Koné,ci CIV,FW,Everton,32,1983,5,0,70,0,0,0,0,0,0,0.00,0.00,0.00,0.00,0.00,/en/players/f9a72ca4/matchlogs/2016-2017/Arouna-Kone-Match-Logs
280,,Lamine Koné,ci CIV,DF,Sunderland,27,1989,30,29,"2,545",1,0,0,0,4,0,0.04,0.00,0.04,0.04,0.04,/en/players/a46472d0/matchlogs/2016-2017/Lamine-Kone-Match-Logs
281,,Laurent Koscielny,fr FRA,DF,Arsenal,30,1985,33,33,"2,822",2,0,0,0,4,1,0.06,0.00,0.06,0.06,0.06,/en/players/f5efb153/matchlogs/2016-2017/Laurent-Koscielny-Match-Logs
282,,Cheikhou Kouyaté,sn SEN,"MF,DF",West Ham,26,1989,31,31,"2,722",1,0,0,0,3,0,0.03,0.00,0.03,0.03,0.03,/en/players/8d3c902d/matchlogs/2016-2017/Cheikhou-Kouyate-Match-Logs
283,,Bojan Krkić,es ESP,"MF,FW",Stoke City,25,1990,9,5,475,3,0,2,3,1,0,0.57,0.00,0.57,0.19,0.19,/en/players/9fa0a0b8/matchlogs/2016-2017/Bojan-Krkic-Match-Logs
284,,Adam Lallana,eng ENG,"MF,FW",Liverpool,28,1988,31,27,"2,348",8,6,0,0,3,0,0.31,0.23,0.54,0.31,0.54,/en/players/99813635/matchlogs/2016-2017/Adam-Lallana-Match-Logs
285,,Rickie Lambert,eng ENG,FW,West Brom,34,1982,1,0,13,0,0,0,0,0,0,0.00,0.00,0.00,0.00,0.00,/en/players/495de82c/matchlogs/2016-2017/Rickie-Lambert-Match-Logs
286,,Érik Lamela,ar ARG,MF,Tottenham,24,1992,9,6,594,1,3,0,1,1,0,0.15,0.45,0.61,0.15,0.61,/en/players/abe66106/matchlogs/2016-2017/Erik-Lamela-Match-Logs
287,,Manuel Lanzini,ar ARG,MF,West Ham,23,1993,35,31,"2,706",8,2,2,2,9,0,0.27,0.07,0.33,0.20,0.27,/en/players/26f6dca8/matchlogs/2016-2017/Manuel-Lanzini-Match-Logs
288,,Seb Larsson,se SWE,MF,Sunderland,31,1985,21,17,"1,469",0,1,0,0,4,1,0.00,0.06,0.06,0.00,0.06,/en/players/b26efc36/matchlogs/2016-2017/Seb-Larsson-Match-Logs
289,,Grant Leadbitter,eng ENG,MF,Middlesbrough,30,1986,13,7,710,1,0,0,0,1,0,0.13,0.00,0.13,0.13,0.13,/en/players/516f7fc1/matchlogs/2016-2017/Grant-Leadbitter-Match-Logs
290,,Joe Ledley,wal WAL,MF,Crystal Palace,29,1987,18,13,"1,160",1,1,0,0,1,0,0.08,0.08,0.16,0.08,0.16,/en/players/c221f149/matchlogs/2016-2017/Joe-Ledley-Match-Logs
291,,Lucas Leiva,br BRA,"MF,DF",Liverpool,29,1987,24,12,"1,112",0,2,0,0,4,0,0.00,0.16,0.16,0.00,0.16,/en/players/4c78b5ed/matchlogs/2016-2017/Lucas-Leiva-Match-Logs
292,,Jonathan Leko,eng ENG,"FW,MF",West Brom,17,1999,9,0,181,0,1,0,0,0,0,0.00,0.50,0.50,0.00,0.50,/en/players/76b5cbbd/matchlogs/2016-2017/Jonathan-Leko-Match-Logs
293,,Aaron Lennon,eng ENG,"MF,FW",Everton,29,1987,11,6,509,0,1,0,0,0,0,0.00,0.18,0.18,0.00,0.18,/en/players/2ff964a0/matchlogs/2016-2017/Aaron-Lennon-Match-Logs
294,,Jeremain Lens,nl NED,"FW,MF",Sunderland,28,1987,2,0,69,0,0,0,0,0,0,0.00,0.00,0.00,0.00,0.00,/en/players/6f1721f0/matchlogs/2016-2017/Jeremain-Lens-Match-Logs
295,,Joleon Lescott,eng ENG,DF,Sunderland,33,1982,2,1,124,0,0,0,0,0,0,0.00,0.00,0.00,0.00,0.00,/en/players/62393d3b/matchlogs/2016-2017/Joleon-Lescott-Match-Logs
296,,Filip Lesniak,sk SVK,MF,Tottenham,20,1996,1,0,5,0,0,0,0,0,0,0.00,0.00,0.00,0.00,0.00,/en/players/5348fe7c/matchlogs/2016-2017/Filip-Lesniak-Match-Logs
297,,Jesse Lingard,eng ENG,"MF,FW",Manchester Utd,23,1992,25,18,"1,360",1,1,0,0,3,0,0.07,0.07,0.13,0.07,0.13,/en/players/810e3c74/matchlogs/2016-2017/Jesse-Lingard-Match-Logs
298,,Jake Livermore,eng ENG,MF,West Brom,26,1989,16,15,"1,301",0,0,0,0,2,0,0.00,0.00,0.00,0.00,0.00,/en/players/b98570d1/matchlogs/2016-2017/Jake-Livermore-Match-Logs
299,,Jake Livermore,eng ENG,"MF,DF",Hull City,26,1989,21,20,"1,670",1,0,0,0,3,1,0.05,0.00,0.05,0.05,0.05,/en/players/b98570d1/matchlogs/2016-2017/Jake-Livermore-Match-Logs
300,,Fernando Llorente,es ESP,FW,Swansea City,31,1985,33,28,"2,442",15,1,0,0,2,0,0.55,0.04,0.59,0.55,0.59,/en/players/82dbf623/matchlogs/2016-2017/Fernando-Llorente-Match-Logs
301,,Hugo Lloris,fr FRA,GK,Tottenham,29,1986,34,34,"3,004",0,0,0,0,0,0,0.00,0.00,0.00,0.00,0.00,/en/players/8f62b6ee/matchlogs/2016-2017/Hugo-Lloris-Match-Logs
302,,Ruben Loftus-Cheek,eng ENG,MF,Chelsea,20,1996,6,0,35,0,0,0,0,0,0,0.00,0.00,0.00,0.00,0.00,/en/players/e97fd090/matchlogs/2016-2017/Ruben-Loftus-Cheek-Match-Logs
303,,Kevin Long,ie IRL,DF,Burnley,25,1990,3,3,270,0,0,0,0,0,0,0.00,0.00,0.00,0.00,0.00,/en/players/5a4280b1/matchlogs/2016-2017/Kevin-Long-Match-Logs
304,,Shane Long,ie IRL,FW,Southampton,29,1987,32,10,"1,321",3,2,0,1,2,0,0.20,0.14,0.34,0.20,0.34,/en/players/9f472354/matchlogs/2016-2017/Shane-Long-Match-Logs
305,,Ademola Lookman,eng ENG,FW,Everton,18,1997,8,3,289,1,0,0,0,0,0,0.31,0.00,0.31,0.31,0.31,/en/players/7c104bb7/matchlogs/2016-2017/Ademola-Lookman-Match-Logs
306,,Donald Love,sco SCO,DF,Sunderland,21,1994,12,6,611,0,1,0,0,1,0,0.00,0.15,0.15,0.00,0.15,/en/players/160599ed/matchlogs/2016-2017/Donald-Love-Match-Logs
307,,Dejan Lovren,hr CRO,DF,Liverpool,27,1989,29,29,"2,553",2,1,0,0,6,0,0.07,0.04,0.11,0.07,0.11,/en/players/1a2935f6/matchlogs/2016-2017/Dejan-Lovren-Match-Logs
308,,Matthew Lowton,eng ENG,DF,Burnley,27,1989,36,36,"3,240",0,2,0,0,9,0,0.00,0.06,0.06,0.00,0.06,/en/players/9a9c05db/matchlogs/2016-2017/Matthew-Lowton-Match-Logs
309,,David Luiz,br BRA,DF,Chelsea,29,1987,33,33,"2,954",1,0,0,0,6,0,0.03,0.00,0.03,0.03,0.03,/en/players/c0e27d1a/matchlogs/2016-2017/David-Luiz-Match-Logs
310,,Romelu Lukaku,be BEL,FW,Everton,23,1993,37,36,"3,266",25,6,1,1,3,0,0.69,0.17,0.85,0.66,0.83,/en/players/5eae500a/matchlogs/2016-2017/Romelu-Lukaku-Match-Logs
311,,Harry Maguire,eng ENG,DF,Hull City,23,1993,29,25,"2,307",2,1,0,0,5,0,0.08,0.04,0.12,0.08,0.12,/en/players/d8931174/matchlogs/2016-2017/Harry-Maguire-Match-Logs
312,,Riyad Mahrez,dz ALG,MF,Leicester City,25,1991,36,33,"2,825",6,4,3,5,4,0,0.19,0.13,0.32,0.10,0.22,/en/players/892d5bb1/matchlogs/2016-2017/Riyad-Mahrez-Match-Logs
313,,Ainsley Maitland-Niles,eng ENG,"DF,FW",Arsenal,18,1997,1,0,2,0,0,0,0,0,0,0.00,0.00,0.00,0.00,0.00,/en/players/e3a5814e/matchlogs/2016-2017/Ainsley-Maitland-Niles-Match-Logs
314,,Shaun Maloney,sco SCO,MF,Hull City,33,1983,9,2,283,1,2,0,0,0,0,0.32,0.64,0.95,0.32,0.95,/en/players/0558e236/matchlogs/2016-2017/Shaun-Maloney-Match-Logs
315,,Steve Mandanda,fr FRA,GK,Crystal Palace,31,1985,9,9,810,0,0,0,0,0,0,0.00,0.00,0.00,0.00,0.00,/en/players/1d2d5cc8/matchlogs/2016-2017/Steve-Mandanda-Match-Logs
316,,Sadio Mané,sn SEN,FW,Liverpool,24,1992,27,26,"2,235",13,5,0,0,4,0,0.52,0.20,0.72,0.52,0.72,/en/players/c691bfe2/matchlogs/2016-2017/Sadio-Mane-Match-Logs
317,,Vito Mannone,it ITA,GK,Sunderland,28,1988,9,9,810,0,0,0,0,0,0,0.00,0.00,0.00,0.00,0.00,/en/players/c4173f1a/matchlogs/2016-2017/Vito-Mannone-Match-Logs
318,,Javier Manquillo,es ESP,"DF,MF",Sunderland,22,1994,20,15,"1,430",1,0,0,0,2,0,0.06,0.00,0.06,0.06,0.06,/en/players/758dd7f0/matchlogs/2016-2017/Javier-Manquillo-Match-Logs
319,,Adrian Mariappa,jm JAM,DF,Watford,29,1986,7,6,562,0,0,0,0,0,0,0.00,0.00,0.00,0.00,0.00,/en/players/8aa5f52c/matchlogs/2016-2017/Adrian-Mariappa-Match-Logs
320,,Lazar Marković,rs SRB,MF,Hull City,22,1994,12,12,"1,005",2,0,0,0,4,0,0.18,0.00,0.18,0.18,0.18,/en/players/723ba189/matchlogs/2016-2017/Lazar-Markovic-Match-Logs
321,,Dean Marney,eng ENG,MF,Burnley,32,1984,21,21,"1,764",1,2,0,0,7,0,0.05,0.10,0.15,0.05,0.15,/en/players/b3379356/matchlogs/2016-2017/Dean-Marney-Match-Logs
322,,David Marshall,sco SCO,GK,Hull City,31,1985,16,16,"1,440",0,0,0,0,0,0,0.00,0.00,0.00,0.00,0.00,/en/players/4d93d433/matchlogs/2016-2017/David-Marshall-Match-Logs
323,,Anthony Martial,fr FRA,"MF,FW",Manchester Utd,20,1995,25,18,"1,554",4,5,0,0,2,0,0.23,0.29,0.52,0.23,0.52,/en/players/8b788c01/matchlogs/2016-2017/Anthony-Martial-Match-Logs
324,,Cuco Martina,cw CUW,DF,Southampton,26,1989,9,6,592,0,0,0,0,0,0,0.00,0.00,0.00,0.00,0.00,/en/players/22551915/matchlogs/2016-2017/Cuco-Martina-Match-Logs
325,,Emiliano Martínez,ar ARG,GK,Arsenal,23,1992,2,2,180,0,0,0,0,0,0,0.00,0.00,0.00,0.00,0.00,/en/players/7956236f/matchlogs/2016-2017/Emiliano-Martinez-Match-Logs
326,,Bruno Martins Indi,nl NED,DF,Stoke City,24,1992,35,35,"3,146",1,0,0,0,4,0,0.03,0.00,0.03,0.03,0.03,/en/players/7bc34048/matchlogs/2016-2017/Bruno-Martins-Indi-Match-Logs
327,,Brandon Mason,eng ENG,DF,Watford,18,1997,2,1,113,0,0,0,0,0,0,0.00,0.00,0.00,0.00,0.00,/en/players/1415840f/matchlogs/2016-2017/Brandon-Mason-Match-Logs
328,,Ryan Mason,eng ENG,MF,Hull City,25,1991,16,11,927,1,1,0,0,4,0,0.10,0.10,0.19,0.10,0.19,/en/players/c8fac933/matchlogs/2016-2017/Ryan-Mason-Match-Logs
329,,Arthur Masuaku,cd COD,"DF,MF",West Ham,22,1993,13,11,972,0,1,0,0,1,0,0.00,0.09,0.09,0.00,0.09,/en/players/57df7a11/matchlogs/2016-2017/Arthur-Masuaku-Match-Logs
330,,Juan Mata,es ESP,"MF,FW",Manchester Utd,28,1988,25,19,"1,614",6,3,0,0,3,0,0.33,0.17,0.50,0.33,0.50,/en/players/29733c72/matchlogs/2016-2017/Juan-Mata-Match-Logs
331,,Nemanja Matić,rs SRB,MF,Chelsea,27,1988,35,30,"2,694",1,7,0,0,4,0,0.03,0.23,0.27,0.03,0.27,/en/players/eb7822d7/matchlogs/2016-2017/Nemanja-Matic-Match-Logs
332,,Joël Matip,cm CMR,DF,Liverpool,24,1991,29,27,"2,457",1,0,0,0,3,0,0.04,0.00,0.04,0.04,0.04,/en/players/b217ef29/matchlogs/2016-2017/Joel-Matip-Match-Logs
333,,Alfie Mawson,eng ENG,DF,Swansea City,22,1994,27,27,"2,430",4,0,0,0,1,0,0.15,0.00,0.15,0.15,0.15,/en/players/d368feb8/matchlogs/2016-2017/Alfie-Mawson-Match-Logs
334,,Dieumerci Mbokani,cd COD,FW,Hull City,30,1985,12,8,764,0,1,0,0,0,0,0.00,0.12,0.12,0.00,0.12,/en/players/d9847696/matchlogs/2016-2017/Dieumerci-Mbokani-Match-Logs
335,,James McArthur,sco SCO,MF,Crystal Palace,28,1987,29,24,"1,999",5,3,0,0,5,0,0.23,0.14,0.36,0.23,0.36,/en/players/cee31595/matchlogs/2016-2017/James-McArthur-Match-Logs
336,,Gareth McAuley,nir NIR,DF,West Brom,36,1979,36,36,"3,140",6,1,0,0,5,0,0.17,0.03,0.20,0.17,0.20,/en/players/ac7d7378/matchlogs/2016-2017/Gareth-McAuley-Match-Logs
337,,Oliver McBurnie,sco SCO,FW,Swansea City,20,1996,5,0,82,0,0,0,0,0,0,0.00,0.00,0.00,0.00,0.00,/en/players/78b8ac63/matchlogs/2016-2017/Oliver-McBurnie-Match-Logs
338,,James McCarthy,ie IRL,MF,Everton,25,1990,12,7,613,1,1,0,0,2,0,0.15,0.15,0.29,0.15,0.29,/en/players/64b08de7/matchlogs/2016-2017/James-McCarthy-Match-Logs
339,,James McClean,ie IRL,"MF,FW",West Brom,27,1989,34,13,"1,477",1,2,0,0,9,0,0.06,0.12,0.18,0.06,0.18,/en/players/53538b39/matchlogs/2016-2017/James-McClean-Match-Logs
340,,Paddy McNair,nir NIR,MF,Sunderland,21,1995,9,5,353,0,0,0,0,0,0,0.00,0.00,0.00,0.00,0.00,/en/players/8ac454b5/matchlogs/2016-2017/Paddy-McNair-Match-Logs
341,,Sam McQueen,eng ENG,DF,Southampton,21,1995,13,5,616,0,0,0,0,0,0,0.00,0.00,0.00,0.00,0.00,/en/players/b27b49b4/matchlogs/2016-2017/Sam-McQueen-Match-Logs
342,,Scott McTominay,sco SCO,MF,Manchester Utd,19,1996,2,1,97,0,0,0,0,1,0,0.00,0.00,0.00,0.00,0.00,/en/players/d93c2511/matchlogs/2016-2017/Scott-McTominay-Match-Logs
343,,Ben Mee,eng ENG,DF,Burnley,26,1989,34,34,"3,015",1,0,0,0,5,0,0.03,0.00,0.03,0.03,0.03,/en/players/8df7a2fb/matchlogs/2016-2017/Ben-Mee-Match-Logs
344,,Nampalys Mendy,fr FRA,MF,Leicester City,24,1992,4,4,269,0,0,0,0,1,0,0.00,0.00,0.00,0.00,0.00,/en/players/1598599e/matchlogs/2016-2017/Nampalys-Mendy-Match-Logs
345,,Per Mertesacker,de GER,DF,Arsenal,31,1984,1,0,38,0,0,0,0,0,0,0.00,0.00,0.00,0.00,0.00,/en/players/5be28712/matchlogs/2016-2017/Per-Mertesacker-Match-Logs
346,,David Meyler,ie IRL,"MF,DF",Hull City,27,1989,20,9,962,1,1,0,0,2,0,0.09,0.09,0.19,0.09,0.19,/en/players/8ea6417a/matchlogs/2016-2017/David-Meyler-Match-Logs
347,,Simon Mignolet,be BEL,GK,Liverpool,28,1988,28,28,"2,520",0,0,0,0,0,0,0.00,0.00,0.00,0.00,0.00,/en/players/d436eb94/matchlogs/2016-2017/Simon-Mignolet-Match-Logs
348,,Luka Milivojević,rs SRB,MF,Crystal Palace,25,1991,14,14,"1,224",2,1,2,2,4,0,0.15,0.07,0.22,0.00,0.07,/en/players/2ce2508a/matchlogs/2016-2017/Luka-Milivojevic-Match-Logs
349,,James Milner,eng ENG,DF,Liverpool,30,1986,36,36,"3,154",7,3,7,8,5,0,0.20,0.09,0.29,0.00,0.09,/en/players/2f90f6b8/matchlogs/2016-2017/James-Milner-Match-Logs
350,,Tyrone Mings,eng ENG,DF,Bournemouth,23,1993,7,5,506,0,0,0,0,0,0,0.00,0.00,0.00,0.00,0.00,/en/players/8397a50c/matchlogs/2016-2017/Tyrone-Mings-Match-Logs
351,,Kevin Mirallas,be BEL,"FW,MF",Everton,28,1987,35,23,"2,074",4,7,0,0,2,0,0.17,0.30,0.48,0.17,0.48,/en/players/aa51343f/matchlogs/2016-2017/Kevin-Mirallas-Match-Logs
352,,Demetri Mitchell,eng ENG,DF,Manchester Utd,19,1997,1,1,90,0,0,0,0,0,0,0.00,0.00,0.00,0.00,0.00,/en/players/c286f3c2/matchlogs/2016-2017/Demetri-Mitchell-Match-Logs
353,,Henrikh Mkhitaryan,am ARM,"FW,MF",Manchester Utd,27,1989,24,15,"1,348",4,1,0,0,1,0,0.27,0.07,0.33,0.27,0.33,/en/players/dd0daf32/matchlogs/2016-2017/Henrikh-Mkhitaryan-Match-Logs
354,,Nacho Monreal,es ESP,DF,Arsenal,30,1986,36,35,"3,153",0,2,0,0,5,0,0.00,0.06,0.06,0.00,0.06,/en/players/d4cb83cc/matchlogs/2016-2017/Nacho-Monreal-Match-Logs
355,,Jefferson Montero,ec ECU,"MF,FW",Swansea City,26,1989,13,2,489,0,1,0,0,0,0,0.00,0.18,0.18,0.00,0.18,/en/players/fa6561bf/matchlogs/2016-2017/Jefferson-Montero-Match-Logs
356,,Alberto Moreno,es ESP,DF,Liverpool,24,1992,12,2,305,0,0,0,0,1,0,0.00,0.00,0.00,0.00,0.00,/en/players/11b9265b/matchlogs/2016-2017/Alberto-Moreno-Match-Logs
357,,Wes Morgan,jm JAM,DF,Leicester City,32,1984,27,27,"2,430",1,0,0,0,3,0,0.04,0.00,0.04,0.04,0.04,/en/players/80c31c97/matchlogs/2016-2017/Wes-Morgan-Match-Logs
358,,James Morrison,sco SCO,MF,West Brom,30,1986,31,17,"1,740",5,2,0,0,3,0,0.26,0.10,0.36,0.26,0.36,/en/players/21a66e33/matchlogs/2016-2017/James-Morrison-Match-Logs
359,,Victor Moses,ng NGA,MF,Chelsea,25,1990,34,29,"2,483",3,2,0,0,4,0,0.11,0.07,0.18,0.11,0.18,/en/players/e726e11e/matchlogs/2016-2017/Victor-Moses-Match-Logs
360,,Lys Mousset,fr FRA,FW,Bournemouth,20,1996,11,3,270,0,0,0,0,0,0,0.00,0.00,0.00,0.00,0.00,/en/players/d9cfca3d/matchlogs/2016-2017/Lys-Mousset-Match-Logs
361,,Marc Muniesa,es ESP,DF,Stoke City,24,1992,10,7,650,1,0,0,0,2,0,0.14,0.00,0.14,0.14,0.14,/en/players/4db76f57/matchlogs/2016-2017/Marc-Muniesa-Match-Logs
362,,Ahmed Musa,ng NGA,"MF,FW",Leicester City,23,1992,21,7,761,2,1,0,0,1,0,0.24,0.12,0.35,0.24,0.35,/en/players/b7084daf/matchlogs/2016-2017/Ahmed-Musa-Match-Logs
363,,Shkodran Mustafi,de GER,DF,Arsenal,24,1992,26,26,"2,274",2,2,0,0,11,0,0.08,0.08,0.16,0.08,0.16,/en/players/3f2d59fe/matchlogs/2016-2017/Shkodran-Mustafi-Match-Logs
364,,Jordon Mutch,eng ENG,MF,Crystal Palace,24,1991,4,0,53,0,0,0,0,0,0,0.00,0.00,0.00,0.00,0.00,/en/players/37c408cc/matchlogs/2016-2017/Jordon-Mutch-Match-Logs
365,,Alfred N'Diaye,sn SEN,MF,Hull City,26,1990,15,15,"1,273",1,0,0,0,7,0,0.07,0.00,0.07,0.07,0.07,/en/players/7789bf63/matchlogs/2016-2017/Alfred-NDiaye-Match-Logs
366,,Georges-Kévin N'Koudou,fr FRA,MF,Tottenham,21,1995,8,0,54,0,0,0,0,0,0,0.00,0.00,0.00,0.00,0.00,/en/players/76c131da/matchlogs/2016-2017/Georges-Kevin-NKoudou-Match-Logs
367,,Luciano Narsingh,nl NED,FW,Swansea City,25,1990,13,3,416,0,2,0,0,0,0,0.00,0.43,0.43,0.00,0.43,/en/players/977ffc24/matchlogs/2016-2017/Luciano-Narsingh-Match-Logs
368,,Samir Nasri,fr FRA,"FW,MF",Manchester City,29,1987,1,0,16,0,0,0,0,0,0,0.00,0.00,0.00,0.00,0.00,/en/players/165bed61/matchlogs/2016-2017/Samir-Nasri-Match-Logs
369,,Kyle Naughton,eng ENG,DF,Swansea City,27,1988,31,31,"2,714",1,0,0,0,5,0,0.03,0.00,0.03,0.03,0.03,/en/players/e860c42f/matchlogs/2016-2017/Kyle-Naughton-Match-Logs
370,,Jesús Navas,es ESP,"MF,DF",Manchester City,30,1985,24,12,"1,064",0,1,0,0,2,0,0.00,0.08,0.08,0.00,0.08,/en/players/3f10bd22/matchlogs/2016-2017/Jesus-Navas-Match-Logs
371,,Wilfred Ndidi,ng NGA,MF,Leicester City,19,1996,17,17,"1,521",2,1,0,0,0,0,0.12,0.06,0.18,0.12,0.18,/en/players/6b47c5db/matchlogs/2016-2017/Wilfred-Ndidi-Match-Logs
372,,Álvaro Negredo,es ESP,FW,Middlesbrough,30,1985,36,33,"2,870",9,5,2,2,5,0,0.28,0.16,0.44,0.22,0.38,/en/players/63b0ca6b/matchlogs/2016-2017/Alvaro-Negredo-Match-Logs
373,,Julien Ngoy,be BEL,FW,Stoke City,18,1997,5,0,49,0,0,0,0,0,0,0.00,0.00,0.00,0.00,0.00,/en/players/87449a74/matchlogs/2016-2017/Julien-Ngoy-Match-Logs
374,,M'Baye Niang,sn SEN,"MF,FW",Watford,21,1994,16,15,"1,246",2,2,0,0,2,0,0.14,0.14,0.29,0.14,0.29,/en/players/2054d037/matchlogs/2016-2017/MBaye-Niang-Match-Logs
375,,Oumar Niasse,sn SEN,FW,Hull City,26,1990,17,12,"1,097",4,1,0,0,3,1,0.33,0.08,0.41,0.33,0.41,/en/players/af721f98/matchlogs/2016-2017/Oumar-Niasse-Match-Logs
376,,Mark Noble,eng ENG,MF,West Ham,29,1987,30,29,"2,389",3,0,1,2,10,0,0.11,0.00,0.11,0.08,0.08,/en/players/ff527768/matchlogs/2016-2017/Mark-Noble-Match-Logs
377,,Nolito,es ESP,"MF,FW",Manchester City,29,1986,19,9,778,4,2,0,0,3,1,0.46,0.23,0.69,0.46,0.69,/en/players/b2d0ec1b/matchlogs/2016-2017/Nolito-Match-Logs
378,,Kristoffer Nordfeldt,se SWE,GK,Swansea City,27,1989,1,1,90,0,0,0,0,0,0,0.00,0.00,0.00,0.00,0.00,/en/players/78549904/matchlogs/2016-2017/Kristoffer-Nordfeldt-Match-Logs
379,,Håvard Nordtveit,no NOR,"DF,MF",West Ham,26,1990,16,11,957,0,1,0,0,2,0,0.00,0.09,0.09,0.00,0.09,/en/players/6cafd68d/matchlogs/2016-2017/Havard-Nordtveit-Match-Logs
380,,Emilio Nsue,gq EQG,"DF,MF",Middlesbrough,26,1989,4,4,320,0,0,0,0,0,0,0.00,0.00,0.00,0.00,0.00,/en/players/1c9bc4fa/matchlogs/2016-2017/Emilio-Nsue-Match-Logs
381,,David Nugent,eng ENG,FW,Middlesbrough,31,1985,4,0,43,0,0,0,0,0,0,0.00,0.00,0.00,0.00,0.00,/en/players/f9b5e5bd/matchlogs/2016-2017/David-Nugent-Match-Logs
382,,Allan Nyom,cm CMR,DF,West Brom,28,1988,32,29,"2,638",0,1,0,0,8,0,0.00,0.03,0.03,0.00,0.03,/en/players/97572117/matchlogs/2016-2017/Allan-Nyom-Match-Logs
383,,Aiden O'Neill,au AUS,MF,Burnley,18,1998,3,0,85,0,0,0,0,0,0,0.00,0.00,0.00,0.00,0.00,/en/players/c7aee75b/matchlogs/2016-2017/Aiden-ONeill-Match-Logs
384,,John O'Shea,ie IRL,DF,Sunderland,35,1981,28,26,"2,158",0,1,0,0,5,0,0.00,0.04,0.04,0.00,0.04,/en/players/7c1f4685/matchlogs/2016-2017/John-OShea-Match-Logs
385,,Pedro Obiang,gq EQG,MF,West Ham,24,1992,22,21,"1,763",1,1,0,0,7,0,0.05,0.05,0.10,0.05,0.10,/en/players/ba1e04b3/matchlogs/2016-2017/Pedro-Obiang-Match-Logs
386,,Angelo Ogbonna,it ITA,DF,West Ham,28,1988,20,20,"1,755",0,0,0,0,2,0,0.00,0.00,0.00,0.00,0.00,/en/players/74b2cd7e/matchlogs/2016-2017/Angelo-Ogbonna-Match-Logs
387,,Stefano Okaka,it ITA,FW,Watford,26,1989,19,10,958,4,1,0,0,5,0,0.38,0.09,0.47,0.38,0.47,/en/players/601ef102/matchlogs/2016-2017/Stefano-Okaka-Match-Logs
388,,Shinji Okazaki,jp JPN,"FW,MF",Leicester City,30,1986,30,21,"1,565",3,1,0,0,1,0,0.17,0.06,0.23,0.17,0.23,/en/players/68796d61/matchlogs/2016-2017/Shinji-Okazaki-Match-Logs
389,,Jonas Olsson,se SWE,DF,West Brom,33,1983,7,7,590,0,0,0,0,3,0,0.00,0.00,0.00,0.00,0.00,/en/players/48844a9b/matchlogs/2016-2017/Jonas-Olsson-Match-Logs
390,,Martin Olsson,se SWE,DF,Swansea City,28,1988,15,14,"1,252",2,0,0,0,2,0,0.14,0.00,0.14,0.14,0.14,/en/players/2f72f79e/matchlogs/2016-2017/Martin-Olsson-Match-Logs
391,,Josh Onomah,eng ENG,"FW,MF",Tottenham,19,1997,5,0,22,0,0,0,0,0,0,0.00,0.00,0.00,0.00,0.00,/en/players/6612cd8c/matchlogs/2016-2017/Josh-Onomah-Match-Logs
392,,Divock Origi,be BEL,FW,Liverpool,21,1995,34,14,"1,468",7,3,0,0,0,0,0.43,0.18,0.61,0.43,0.61,/en/players/43a166b4/matchlogs/2016-2017/Divock-Origi-Match-Logs
393,,Oscar,br BRA,MF,Chelsea,24,1991,9,5,455,0,1,0,0,1,0,0.00,0.20,0.20,0.00,0.20,/en/players/57fe98dd/matchlogs/2016-2017/Oscar-Match-Logs
394,,David Ospina,co COL,GK,Arsenal,27,1988,2,1,143,0,0,0,0,0,0,0.00,0.00,0.00,0.00,0.00,/en/players/82b1198a/matchlogs/2016-2017/David-Ospina-Match-Logs
395,,Nicolás Otamendi,ar ARG,DF,Manchester City,28,1988,30,29,"2,592",1,0,0,0,9,0,0.03,0.00,0.03,0.03,0.03,/en/players/0d267745/matchlogs/2016-2017/Nicolas-Otamendi-Match-Logs
396,,Bryan Oviedo,cr CRC,DF,Everton,26,1990,6,6,475,0,0,0,0,3,0,0.00,0.00,0.00,0.00,0.00,/en/players/31faf295/matchlogs/2016-2017/Bryan-Oviedo-Match-Logs
397,,Bryan Oviedo,cr CRC,"DF,MF",Sunderland,26,1990,10,10,848,0,0,0,0,1,0,0.00,0.00,0.00,0.00,0.00,/en/players/31faf295/matchlogs/2016-2017/Bryan-Oviedo-Match-Logs
398,,Alex Oxlade-Chamberlain,eng ENG,MF,Arsenal,22,1993,29,16,"1,628",2,7,0,0,1,0,0.11,0.39,0.50,0.11,0.50,/en/players/38c7feef/matchlogs/2016-2017/Alex-Oxlade-Chamberlain-Match-Logs
399,,Mesut Özil,de GER,MF,Arsenal,27,1988,33,32,"2,841",8,10,0,0,2,0,0.25,0.32,0.57,0.25,0.57,/en/players/16380240/matchlogs/2016-2017/Mesut-Ozil-Match-Logs
400,,Costel Pantilimon,ro ROU,GK,Watford,29,1987,2,0,83,0,0,0,0,0,0,0.00,0.00,0.00,0.00,0.00,/en/players/d24e154c/matchlogs/2016-2017/Costel-Pantilimon-Match-Logs
401,,Gabriel Paulista,br BRA,DF,Arsenal,25,1990,19,15,"1,517",0,0,0,0,6,0,0.00,0.00,0.00,0.00,0.00,/en/players/b7ca5c51/matchlogs/2016-2017/Gabriel-Paulista-Match-Logs
402,,Dimitri Payet,fr FRA,"MF,FW",West Ham,29,1987,18,17,"1,511",2,6,0,0,2,0,0.12,0.36,0.48,0.12,0.48,/en/players/58ae47b2/matchlogs/2016-2017/Dimitri-Payet-Match-Logs
403,,Pedro,es ESP,"FW,MF",Chelsea,29,1987,35,26,"2,140",9,9,0,0,6,0,0.38,0.38,0.76,0.38,0.76,/en/players/3ca7254a/matchlogs/2016-2017/Pedro-Match-Logs
404,,Matthew Pennington,eng ENG,DF,Everton,21,1994,3,2,180,1,0,0,0,0,0,0.50,0.00,0.50,0.50,0.50,/en/players/0ff967f7/matchlogs/2016-2017/Matthew-Pennington-Match-Logs
405,,Dion Pereira,eng ENG,MF,Watford,17,1999,2,0,25,0,0,0,0,0,0,0.00,0.00,0.00,0.00,0.00,/en/players/8aab04dc/matchlogs/2016-2017/Dion-Pereira-Match-Logs
406,,Roberto Pereyra,ar ARG,"MF,FW",Watford,25,1991,13,12,"1,037",2,2,0,0,2,1,0.17,0.17,0.35,0.17,0.35,/en/players/75f2c59f/matchlogs/2016-2017/Roberto-Pereyra-Match-Logs
407,,Lucas Pérez,es ESP,"MF,FW",Arsenal,27,1988,11,2,272,1,0,0,0,0,0,0.33,0.00,0.33,0.33,0.33,/en/players/a300ac7e/matchlogs/2016-2017/Lucas-Perez-Match-Logs
408,,Matt Phillips,sco SCO,MF,West Brom,25,1991,27,26,"2,181",4,8,0,0,2,0,0.17,0.33,0.50,0.17,0.50,/en/players/7bb5f40e/matchlogs/2016-2017/Matt-Phillips-Match-Logs
409,,Jordan Pickford,eng ENG,GK,Sunderland,22,1994,29,29,"2,610",0,0,0,0,0,0,0.00,0.00,0.00,0.00,0.00,/en/players/4806ec67/matchlogs/2016-2017/Jordan-Pickford-Match-Logs
410,,Jérémy Pied,fr FRA,DF,Southampton,27,1989,4,1,129,0,0,0,0,0,0,0.00,0.00,0.00,0.00,0.00,/en/players/a634b9d2/matchlogs/2016-2017/Jeremy-Pied-Match-Logs
411,,Steven Pienaar,za RSA,"MF,FW",Sunderland,34,1982,15,10,803,0,0,0,0,6,2,0.00,0.00,0.00,0.00,0.00,/en/players/8056f6e6/matchlogs/2016-2017/Steven-Pienaar-Match-Logs
412,,Erik Pieters,nl NED,"DF,MF",Stoke City,27,1988,36,35,"3,151",0,1,0,0,5,0,0.00,0.03,0.03,0.00,0.03,/en/players/1ef37668/matchlogs/2016-2017/Erik-Pieters-Match-Logs
413,,Paul Pogba,fr FRA,MF,Manchester Utd,23,1993,30,29,"2,608",5,4,0,0,7,0,0.17,0.14,0.31,0.17,0.31,/en/players/867239d3/matchlogs/2016-2017/Paul-Pogba-Match-Logs
414,,Sebastian Prödl,at AUT,DF,Watford,29,1987,33,32,"2,769",1,1,0,0,11,2,0.03,0.03,0.07,0.03,0.07,/en/players/f5e6d08d/matchlogs/2016-2017/Sebastian-Prodl-Match-Logs
415,,Marc Pugh,eng ENG,MF,Bournemouth,29,1987,21,16,"1,328",2,2,0,0,1,0,0.14,0.14,0.27,0.14,0.27,/en/players/9aacb284/matchlogs/2016-2017/Marc-Pugh-Match-Logs
416,,Jason Puncheon,eng ENG,MF,Crystal Palace,30,1986,36,35,"3,091",0,5,0,0,9,0,0.00,0.15,0.15,0.00,0.15,/en/players/fd3f57ce/matchlogs/2016-2017/Jason-Puncheon-Match-Logs
417,,Gastón Ramírez,uy URU,"MF,FW",Middlesbrough,25,1990,24,20,"1,540",2,3,0,0,9,2,0.12,0.18,0.29,0.12,0.29,/en/players/2c851997/matchlogs/2016-2017/Gaston-Ramirez-Match-Logs
418,,Aaron Ramsey,wal WAL,MF,Arsenal,25,1990,23,13,"1,236",1,4,0,0,3,0,0.07,0.29,0.36,0.07,0.36,/en/players/ef619b0b/matchlogs/2016-2017/Aaron-Ramsey-Match-Logs
419,,Darren Randolph,ie IRL,GK,West Ham,29,1987,22,22,"1,980",0,0,0,0,1,0,0.00,0.00,0.00,0.00,0.00,/en/players/6385ebfb/matchlogs/2016-2017/Darren-Randolph-Match-Logs
420,,Àngel Rangel,es ESP,DF,Swansea City,33,1982,18,8,831,1,0,0,0,1,0,0.11,0.00,0.11,0.11,0.11,/en/players/93ee387c/matchlogs/2016-2017/Angel-Rangel-Match-Logs
421,,Andrea Ranocchia,it ITA,DF,Hull City,28,1988,16,15,"1,330",2,2,0,0,2,0,0.14,0.14,0.27,0.14,0.27,/en/players/539230cf/matchlogs/2016-2017/Andrea-Ranocchia-Match-Logs
422,,Marcus Rashford,eng ENG,"FW,MF",Manchester Utd,18,1997,32,16,"1,710",5,1,0,0,3,0,0.26,0.05,0.32,0.26,0.32,/en/players/a1d5bd30/matchlogs/2016-2017/Marcus-Rashford-Match-Logs
423,,Nathan Redmond,eng ENG,"FW,MF",Southampton,22,1994,37,32,"2,899",7,1,0,0,2,1,0.22,0.03,0.25,0.22,0.25,/en/players/ab651565/matchlogs/2016-2017/Nathan-Redmond-Match-Logs
424,,Harrison Reed,eng ENG,MF,Southampton,21,1995,3,1,64,0,0,0,0,0,0,0.00,0.00,0.00,0.00,0.00,/en/players/803ae100/matchlogs/2016-2017/Harrison-Reed-Match-Logs
425,,Winston Reid,nz NZL,DF,West Ham,28,1988,30,30,"2,587",2,1,0,0,9,2,0.07,0.03,0.10,0.07,0.10,/en/players/562eed5c/matchlogs/2016-2017/Winston-Reid-Match-Logs
426,,Loïc Rémy,fr FRA,FW,Crystal Palace,29,1987,5,1,134,0,0,0,0,0,0,0.00,0.00,0.00,0.00,0.00,/en/players/5c2da10f/matchlogs/2016-2017/Loic-Remy-Match-Logs
427,,Jordan Rhodes,sco SCO,FW,Middlesbrough,26,1990,6,2,211,0,0,0,0,0,0,0.00,0.00,0.00,0.00,0.00,/en/players/3b8b641c/matchlogs/2016-2017/Jordan-Rhodes-Match-Logs
428,,Declan Rice,eng ENG,"DF,MF",West Ham,17,1999,1,0,1,0,0,0,0,0,0,0.00,0.00,0.00,0.00,0.00,/en/players/1c7012b8/matchlogs/2016-2017/Declan-Rice-Match-Logs
429,,Andrew Robertson,sco SCO,"DF,MF",Hull City,22,1994,33,31,"2,736",1,2,0,0,5,0,0.03,0.07,0.10,0.03,0.10,/en/players/2e4f5f03/matchlogs/2016-2017/Andrew-Robertson-Match-Logs
430,,Paul Robinson,eng ENG,GK,Burnley,36,1979,3,3,270,0,0,0,0,0,0,0.00,0.00,0.00,0.00,0.00,/en/players/3515ba56/matchlogs/2016-2017/Paul-Robinson-Match-Logs
431,,Joel Robles,es ESP,GK,Everton,26,1990,20,19,"1,737",0,0,0,0,2,0,0.00,0.00,0.00,0.00,0.00,/en/players/cda0b317/matchlogs/2016-2017/Joel-Robles-Match-Logs
432,,Hal Robson-Kanu,wal WAL,FW,West Brom,27,1989,29,5,701,3,2,0,0,3,0,0.39,0.26,0.64,0.39,0.64,/en/players/fb2dec57/matchlogs/2016-2017/Hal-Robson-Kanu-Match-Logs
433,,Jay Rodriguez,eng ENG,FW,Southampton,27,1989,24,9,892,5,2,0,0,0,0,0.50,0.20,0.71,0.50,0.71,/en/players/4ab53cdb/matchlogs/2016-2017/Jay-Rodriguez-Match-Logs
434,,Jack Rodwell,eng ENG,MF,Sunderland,25,1991,20,17,"1,492",0,1,0,0,4,0,0.00,0.06,0.06,0.00,0.06,/en/players/a07579ee/matchlogs/2016-2017/Jack-Rodwell-Match-Logs
435,,Marcos Rojo,ar ARG,DF,Manchester Utd,26,1990,21,18,"1,663",1,0,0,0,5,0,0.05,0.00,0.05,0.05,0.05,/en/players/e0991c04/matchlogs/2016-2017/Marcos-Rojo-Match-Logs
436,,Sergio Romero,ar ARG,GK,Manchester Utd,29,1987,2,2,180,0,0,0,0,0,0,0.00,0.00,0.00,0.00,0.00,/en/players/1e26e376/matchlogs/2016-2017/Sergio-Romero-Match-Logs
437,,Oriol Romeu,es ESP,MF,Southampton,24,1991,35,35,"3,071",1,0,0,0,11,0,0.03,0.00,0.03,0.03,0.03,/en/players/4b511457/matchlogs/2016-2017/Oriol-Romeu-Match-Logs
438,,Salomón Rondón,ve VEN,FW,West Brom,26,1989,38,32,"2,891",8,2,0,0,2,0,0.25,0.06,0.31,0.25,0.31,/en/players/b318a643/matchlogs/2016-2017/Salomon-Rondon-Match-Logs
439,,Marten de Roon,nl NED,MF,Middlesbrough,25,1991,33,32,"2,773",4,0,0,0,8,0,0.13,0.00,0.13,0.13,0.13,/en/players/2a1beb34/matchlogs/2016-2017/Marten-de-Roon-Match-Logs
440,,Wayne Rooney,eng ENG,"MF,FW",Manchester Utd,30,1985,25,15,"1,539",5,5,1,1,8,0,0.29,0.29,0.58,0.23,0.53,/en/players/f07be45a/matchlogs/2016-2017/Wayne-Rooney-Match-Logs
441,,Danny Rose,eng ENG,"DF,MF",Tottenham,26,1990,18,18,"1,530",2,2,0,0,8,0,0.12,0.12,0.24,0.12,0.24,/en/players/89d10e53/matchlogs/2016-2017/Danny-Rose-Match-Logs
442,,Wayne Routledge,eng ENG,"FW,MF",Swansea City,31,1985,27,24,"1,922",3,1,0,0,1,0,0.14,0.05,0.19,0.14,0.19,/en/players/1d387eee/matchlogs/2016-2017/Wayne-Routledge-Match-Logs
443,,Bacary Sagna,fr FRA,DF,Manchester City,33,1983,17,14,"1,346",0,1,0,0,2,0,0.00,0.07,0.07,0.00,0.07,/en/players/6ef56efd/matchlogs/2016-2017/Bacary-Sagna-Match-Logs
444,,Diafra Sakho,sn SEN,FW,West Ham,26,1989,4,2,181,1,0,0,0,0,0,0.50,0.00,0.50,0.50,0.50,/en/players/57c433c8/matchlogs/2016-2017/Diafra-Sakho-Match-Logs
445,,Mamadou Sakho,fr FRA,DF,Crystal Palace,26,1990,8,8,686,0,0,0,0,0,0,0.00,0.00,0.00,0.00,0.00,/en/players/87935cf3/matchlogs/2016-2017/Mamadou-Sakho-Match-Logs
446,,Bakary Sako,ml MLI,MF,Crystal Palace,28,1988,7,0,142,0,0,0,0,0,0,0.00,0.00,0.00,0.00,0.00,/en/players/381d7d54/matchlogs/2016-2017/Bakary-Sako-Match-Logs
447,,Alexis Sánchez,cl CHI,"FW,MF",Arsenal,27,1988,38,36,"3,217",24,10,2,3,6,0,0.67,0.28,0.95,0.62,0.90,/en/players/2c0f8e9e/matchlogs/2016-2017/Alexis-Sanchez-Match-Logs
448,,Leroy Sané,de GER,"MF,FW",Manchester City,20,1996,26,20,"1,781",5,2,0,0,4,0,0.25,0.10,0.35,0.25,0.35,/en/players/2b114be3/matchlogs/2016-2017/Leroy-Sane-Match-Logs
449,,Jeffrey Schlupp,gh GHA,MF,Leicester City,23,1992,4,1,141,0,0,0,0,0,0,0.00,0.00,0.00,0.00,0.00,/en/players/3312f911/matchlogs/2016-2017/Jeffrey-Schlupp-Match-Logs
450,,Jeffrey Schlupp,gh GHA,DF,Crystal Palace,23,1992,15,11,998,0,0,0,0,0,0,0.00,0.00,0.00,0.00,0.00,/en/players/3312f911/matchlogs/2016-2017/Jeffrey-Schlupp-Match-Logs
451,,Kasper Schmeichel,dk DEN,GK,Leicester City,29,1986,30,30,"2,666",0,0,0,0,1,0,0.00,0.00,0.00,0.00,0.00,/en/players/53af52f3/matchlogs/2016-2017/Kasper-Schmeichel-Match-Logs
452,,Morgan Schneiderlin,fr FRA,MF,Manchester Utd,26,1989,3,0,14,0,0,0,0,0,0,0.00,0.00,0.00,0.00,0.00,/en/players/51b41c5c/matchlogs/2016-2017/Morgan-Schneiderlin-Match-Logs
453,,Morgan Schneiderlin,fr FRA,MF,Everton,26,1989,14,12,"1,059",1,0,0,0,2,0,0.08,0.00,0.08,0.08,0.08,/en/players/51b41c5c/matchlogs/2016-2017/Morgan-Schneiderlin-Match-Logs
454,,Xherdan Shaqiri,ch SUI,MF,Stoke City,24,1991,21,21,"1,698",4,2,0,0,2,0,0.21,0.11,0.32,0.21,0.32,/en/players/6421ec64/matchlogs/2016-2017/Xherdan-Shaqiri-Match-Logs
455,,Luke Shaw,eng ENG,DF,Manchester Utd,21,1995,11,9,688,0,1,0,0,1,0,0.00,0.13,0.13,0.00,0.13,/en/players/9c94165b/matchlogs/2016-2017/Luke-Shaw-Match-Logs
456,,Ryan Shawcross,eng ENG,DF,Stoke City,28,1987,35,35,"3,150",1,1,0,0,6,0,0.03,0.03,0.06,0.03,0.06,/en/players/285a3d44/matchlogs/2016-2017/Ryan-Shawcross-Match-Logs
457,,Gylfi Sigurðsson,is ISL,"FW,MF",Swansea City,26,1989,38,37,"3,327",9,13,3,3,2,0,0.24,0.35,0.60,0.16,0.51,/en/players/76dd1480/matchlogs/2016-2017/Gylfi-Sigurdsson-Match-Logs
458,,David Silva,es ESP,MF,Manchester City,30,1986,34,31,"2,759",4,7,0,0,6,0,0.13,0.23,0.36,0.13,0.36,/en/players/e2716bd0/matchlogs/2016-2017/David-Silva-Match-Logs
459,,Danny Simpson,eng ENG,DF,Leicester City,29,1987,35,34,"2,988",0,1,0,0,12,0,0.00,0.03,0.03,0.00,0.03,/en/players/3201b03d/matchlogs/2016-2017/Danny-Simpson-Match-Logs
460,,Josh Sims,eng ENG,FW,Southampton,19,1997,7,1,211,0,1,0,0,0,0,0.00,0.43,0.43,0.00,0.43,/en/players/6d6f09dc/matchlogs/2016-2017/Josh-Sims-Match-Logs
461,,Jerome Sinclair,eng ENG,FW,Watford,19,1996,5,1,116,0,0,0,0,0,0,0.00,0.00,0.00,0.00,0.00,/en/players/1695c659/matchlogs/2016-2017/Jerome-Sinclair-Match-Logs
462,,Moussa Sissoko,fr FRA,"MF,FW",Tottenham,26,1989,25,8,911,0,2,0,0,3,0,0.00,0.20,0.20,0.00,0.20,/en/players/2acd49b9/matchlogs/2016-2017/Moussa-Sissoko-Match-Logs
463,,Islam Slimani,dz ALG,FW,Leicester City,28,1988,23,13,"1,281",7,4,1,1,1,0,0.49,0.28,0.77,0.42,0.70,/en/players/ffec9769/matchlogs/2016-2017/Islam-Slimani-Match-Logs
464,,Chris Smalling,eng ENG,DF,Manchester Utd,26,1989,18,13,"1,217",1,0,0,0,0,0,0.07,0.00,0.07,0.07,0.07,/en/players/b6964eb6/matchlogs/2016-2017/Chris-Smalling-Match-Logs
465,,Adam Smith,eng ENG,"DF,MF",Bournemouth,25,1991,36,34,"3,079",1,5,0,0,6,0,0.03,0.15,0.18,0.03,0.18,/en/players/20b104bc/matchlogs/2016-2017/Adam-Smith-Match-Logs
466,,Brad Smith,au AUS,"DF,MF",Bournemouth,22,1994,5,3,291,0,0,0,0,1,0,0.00,0.00,0.00,0.00,0.00,/en/players/c76c717c/matchlogs/2016-2017/Brad-Smith-Match-Logs
467,,Robert Snodgrass,sco SCO,"FW,MF",Hull City,28,1987,20,19,"1,710",7,2,2,2,2,0,0.37,0.11,0.47,0.26,0.37,/en/players/9f4647e9/matchlogs/2016-2017/Robert-Snodgrass-Match-Logs
468,,Robert Snodgrass,sco SCO,"MF,FW",West Ham,28,1987,15,8,838,0,2,0,0,0,0,0.00,0.21,0.21,0.00,0.21,/en/players/9f4647e9/matchlogs/2016-2017/Robert-Snodgrass-Match-Logs
469,,Cédric Soares,pt POR,DF,Southampton,24,1991,30,30,"2,515",0,3,0,0,7,0,0.00,0.11,0.11,0.00,0.11,/en/players/839c14e1/matchlogs/2016-2017/Cedric-Soares-Match-Logs
470,,Ramadan Sobhi,eg EGY,MF,Stoke City,19,1997,17,8,854,0,1,0,0,2,0,0.00,0.11,0.11,0.00,0.11,/en/players/98be0d02/matchlogs/2016-2017/Ramadan-Sobhi-Match-Logs
471,,Pape Souaré,sn SEN,DF,Crystal Palace,26,1990,3,3,269,0,0,0,0,0,0,0.00,0.00,0.00,0.00,0.00,/en/players/46b5375e/matchlogs/2016-2017/Pape-Souare-Match-Logs
472,,Junior Stanislas,eng ENG,MF,Bournemouth,26,1989,21,18,"1,467",7,5,2,2,1,0,0.43,0.31,0.74,0.31,0.61,/en/players/6992791d/matchlogs/2016-2017/Junior-Stanislas-Match-Logs
473,,Maarten Stekelenburg,nl NED,GK,Everton,33,1982,19,19,"1,683",0,0,0,0,2,0,0.00,0.00,0.00,0.00,0.00,/en/players/fefce889/matchlogs/2016-2017/Maarten-Stekelenburg-Match-Logs
474,,Jack Stephens,eng ENG,DF,Southampton,22,1994,17,15,"1,471",0,0,0,0,1,0,0.00,0.00,0.00,0.00,0.00,/en/players/6adbc307/matchlogs/2016-2017/Jack-Stephens-Match-Logs
475,,Raheem Sterling,eng ENG,"MF,FW",Manchester City,21,1994,33,29,"2,508",7,8,0,0,7,0,0.25,0.29,0.54,0.25,0.54,/en/players/b400bde0/matchlogs/2016-2017/Raheem-Sterling-Match-Logs
476,,Kevin Stewart,eng ENG,"DF,MF",Liverpool,22,1993,4,0,20,0,0,0,0,0,0,0.00,0.00,0.00,0.00,0.00,/en/players/ff674795/matchlogs/2016-2017/Kevin-Stewart-Match-Logs
477,,John Stones,eng ENG,DF,Manchester City,22,1994,27,23,"2,014",0,0,0,0,1,0,0.00,0.00,0.00,0.00,0.00,/en/players/5eecec3d/matchlogs/2016-2017/John-Stones-Match-Logs
478,,Cristhian Stuani,uy URU,"FW,MF",Middlesbrough,29,1986,23,16,"1,354",4,0,0,0,4,0,0.27,0.00,0.27,0.27,0.27,/en/players/220c11f1/matchlogs/2016-2017/Cristhian-Stuani-Match-Logs
479,,Daniel Sturridge,eng ENG,FW,Liverpool,26,1989,20,7,775,3,1,0,0,1,0,0.35,0.12,0.46,0.35,0.46,/en/players/1b7ec703/matchlogs/2016-2017/Daniel-Sturridge-Match-Logs
480,,Isaac Success,ng NGA,MF,Watford,20,1996,19,2,519,1,1,0,0,2,0,0.17,0.17,0.35,0.17,0.35,/en/players/f573a8bf/matchlogs/2016-2017/Isaac-Success-Match-Logs
481,,Ki Sung-yueng,kr KOR,MF,Swansea City,27,1989,23,13,"1,291",0,1,0,0,3,0,0.00,0.07,0.07,0.00,0.07,/en/players/1d8c99b0/matchlogs/2016-2017/Ki-Sung-yueng-Match-Logs
482,,Andrew Surman,eng ENG,MF,Bournemouth,29,1986,22,21,"1,801",0,1,0,0,2,2,0.00,0.05,0.05,0.00,0.05,/en/players/7d41b619/matchlogs/2016-2017/Andrew-Surman-Match-Logs
483,,Dušan Tadić,rs SRB,"FW,MF",Southampton,27,1988,33,30,"2,411",3,5,1,2,4,0,0.11,0.19,0.30,0.07,0.26,/en/players/2475dcc6/matchlogs/2016-2017/Dusan-Tadic-Match-Logs
484,,Matt Targett,eng ENG,DF,Southampton,20,1995,5,5,373,0,0,0,0,0,0,0.00,0.00,0.00,0.00,0.00,/en/players/e514ab62/matchlogs/2016-2017/Matt-Targett-Match-Logs
485,,James Tarkowski,eng ENG,DF,Burnley,23,1992,19,4,568,0,0,0,0,1,0,0.00,0.00,0.00,0.00,0.00,/en/players/15ea812b/matchlogs/2016-2017/James-Tarkowski-Match-Logs
486,,Neil Taylor,wal WAL,DF,Swansea City,27,1989,11,11,920,0,0,0,0,1,0,0.00,0.00,0.00,0.00,0.00,/en/players/c2f9d19f/matchlogs/2016-2017/Neil-Taylor-Match-Logs
487,,John Terry,eng ENG,DF,Chelsea,35,1980,9,6,496,1,0,0,0,1,0,0.18,0.00,0.18,0.18,0.18,/en/players/68517cfd/matchlogs/2016-2017/John-Terry-Match-Logs
488,,James Tomkins,eng ENG,DF,Crystal Palace,27,1989,24,23,"1,974",3,0,0,0,4,0,0.14,0.00,0.14,0.14,0.14,/en/players/e7ca0439/matchlogs/2016-2017/James-Tomkins-Match-Logs
489,,Gökhan Töre,tr TUR,"MF,FW",West Ham,24,1992,5,3,240,0,1,0,0,0,0,0.00,0.37,0.37,0.00,0.37,/en/players/51960957/matchlogs/2016-2017/Gokhan-Tore-Match-Logs
490,,Yaya Touré,ci CIV,MF,Manchester City,33,1983,25,22,"1,941",5,0,2,2,4,0,0.23,0.00,0.23,0.14,0.14,/en/players/c204f844/matchlogs/2016-2017/Yaya-Toure-Match-Logs
491,,Andros Townsend,eng ENG,MF,Crystal Palace,25,1991,36,30,"2,519",3,4,0,0,4,0,0.11,0.14,0.25,0.11,0.25,/en/players/b28bbd58/matchlogs/2016-2017/Andros-Townsend-Match-Logs
492,,Adama Traoré,es ESP,"MF,FW",Middlesbrough,20,1996,27,16,"1,541",0,1,0,0,1,0,0.00,0.06,0.06,0.00,0.06,/en/players/9a28eba4/matchlogs/2016-2017/Adama-Traore-Match-Logs
493,,Kieran Trippier,eng ENG,"DF,MF",Tottenham,25,1990,12,6,568,0,5,0,0,1,0,0.00,0.79,0.79,0.00,0.79,/en/players/21512407/matchlogs/2016-2017/Kieran-Trippier-Match-Logs
494,,Axel Tuanzebe,eng ENG,"MF,DF",Manchester Utd,18,1997,4,4,303,0,0,0,0,0,0,0.00,0.00,0.00,0.00,0.00,/en/players/2baec6ce/matchlogs/2016-2017/Axel-Tuanzebe-Match-Logs
495,,Josh Tymon,eng ENG,"MF,DF",Hull City,17,1999,5,4,322,0,0,0,0,1,0,0.00,0.00,0.00,0.00,0.00,/en/players/efe6f6ac/matchlogs/2016-2017/Josh-Tymon-Match-Logs
496,,Leonardo Ulloa,ar ARG,FW,Leicester City,30,1986,16,3,447,1,0,0,0,0,0,0.20,0.00,0.20,0.20,0.20,/en/players/eed56f6c/matchlogs/2016-2017/Leonardo-Ulloa-Match-Logs
497,,Víctor Valdés,es ESP,GK,Middlesbrough,34,1982,28,28,"2,520",0,0,0,0,1,0,0.00,0.00,0.00,0.00,0.00,/en/players/e029e404/matchlogs/2016-2017/Victor-Valdes-Match-Logs
498,,Antonio Valencia,ec ECU,DF,Manchester Utd,30,1985,28,27,"2,483",1,3,0,0,5,0,0.04,0.11,0.14,0.04,0.14,/en/players/08aa17d0/matchlogs/2016-2017/Antonio-Valencia-Match-Logs
499,,Enner Valencia,ec ECU,"FW,MF",Everton,26,1989,21,5,716,3,1,0,0,1,0,0.38,0.13,0.50,0.38,0.50,/en/players/fb485406/matchlogs/2016-2017/Enner-Valencia-Match-Logs
500,,Enner Valencia,ec ECU,FW,West Ham,26,1989,3,3,211,0,0,0,0,0,0,0.00,0.00,0.00,0.00,0.00,/en/players/fb485406/matchlogs/2016-2017/Enner-Valencia-Match-Logs
501,,Jamie Vardy,eng ENG,FW,Leicester City,29,1987,35,33,"2,802",13,4,0,0,2,1,0.42,0.13,0.55,0.42,0.55,/en/players/45963054/matchlogs/2016-2017/Jamie-Vardy-Match-Logs
502,,Jan Vertonghen,be BEL,DF,Tottenham,29,1987,33,33,"2,894",0,0,0,0,5,0,0.00,0.00,0.00,0.00,0.00,/en/players/ba23a904/matchlogs/2016-2017/Jan-Vertonghen-Match-Logs
503,,Sam Vokes,wal WAL,FW,Burnley,26,1989,37,21,"2,064",10,3,2,2,0,0,0.44,0.13,0.57,0.35,0.48,/en/players/1d6ac165/matchlogs/2016-2017/Sam-Vokes-Match-Logs
504,,Michel Vorm,nl NED,GK,Tottenham,32,1983,5,4,416,0,0,0,0,0,0,0.00,0.00,0.00,0.00,0.00,/en/players/1bebde9d/matchlogs/2016-2017/Michel-Vorm-Match-Logs
505,,Matěj Vydra,cz CZE,"FW,MF",Watford,24,1992,1,0,3,0,0,0,0,0,0,0.00,0.00,0.00,0.00,0.00,/en/players/0d4ceb32/matchlogs/2016-2017/Matej-Vydra-Match-Logs
506,,Theo Walcott,eng ENG,MF,Arsenal,27,1989,28,23,"1,916",10,2,0,1,1,0,0.47,0.09,0.56,0.47,0.56,/en/players/1ecb65be/matchlogs/2016-2017/Theo-Walcott-Match-Logs
507,,Kyle Walker,eng ENG,"DF,MF",Tottenham,26,1990,33,31,"2,701",0,5,0,0,8,0,0.00,0.17,0.17,0.00,0.17,/en/players/86dd77d1/matchlogs/2016-2017/Kyle-Walker-Match-Logs
508,,Jonathan Walters,ie IRL,"FW,MF",Stoke City,32,1983,23,13,"1,304",4,2,1,1,1,0,0.28,0.14,0.41,0.21,0.35,/en/players/0356cf4f/matchlogs/2016-2017/Jonathan-Walters-Match-Logs
509,,Victor Wanyama,ke KEN,MF,Tottenham,25,1991,36,35,"3,012",4,1,0,0,10,0,0.12,0.03,0.15,0.12,0.15,/en/players/e0900238/matchlogs/2016-2017/Victor-Wanyama-Match-Logs
510,,Joel Ward,eng ENG,DF,Crystal Palace,26,1989,38,38,"3,417",0,1,0,0,7,0,0.00,0.03,0.03,0.00,0.03,/en/players/8a7ff278/matchlogs/2016-2017/Joel-Ward-Match-Logs
511,,Stephen Ward,ie IRL,DF,Burnley,30,1985,37,37,"3,230",1,1,0,0,5,0,0.03,0.03,0.06,0.03,0.06,/en/players/3831b9fe/matchlogs/2016-2017/Stephen-Ward-Match-Logs
512,,James Ward-Prowse,eng ENG,MF,Southampton,21,1994,30,22,"1,883",4,4,0,0,4,0,0.19,0.19,0.38,0.19,0.38,/en/players/3515d404/matchlogs/2016-2017/James-Ward-Prowse-Match-Logs
513,,Marcin Wasilewski,pl POL,DF,Leicester City,36,1980,1,1,90,0,0,0,0,0,0,0.00,0.00,0.00,0.00,0.00,/en/players/24249219/matchlogs/2016-2017/Marcin-Wasilewski-Match-Logs
514,,Duncan Watmore,eng ENG,"MF,FW",Sunderland,22,1994,14,11,"1,024",0,2,0,0,1,0,0.00,0.18,0.18,0.00,0.18,/en/players/2b2bae51/matchlogs/2016-2017/Duncan-Watmore-Match-Logs
515,,Ben Watson,eng ENG,MF,Watford,31,1985,4,0,54,0,0,0,0,0,1,0.00,0.00,0.00,0.00,0.00,/en/players/df540668/matchlogs/2016-2017/Ben-Watson-Match-Logs
516,,Danny Welbeck,eng ENG,"FW,MF",Arsenal,25,1990,16,8,748,2,2,0,0,0,0,0.24,0.24,0.48,0.24,0.48,/en/players/ce5143da/matchlogs/2016-2017/Danny-Welbeck-Match-Logs
517,,Ashley Westwood,eng ENG,MF,Burnley,26,1990,9,6,551,0,0,0,0,3,0,0.00,0.00,0.00,0.00,0.00,/en/players/495945ef/matchlogs/2016-2017/Ashley-Westwood-Match-Logs
518,,Glenn Whelan,ie IRL,MF,Stoke City,32,1984,30,26,"2,275",0,1,0,0,5,0,0.00,0.04,0.04,0.00,0.04,/en/players/d5bd56a5/matchlogs/2016-2017/Glenn-Whelan-Match-Logs
519,,Connor Wickham,eng ENG,"FW,MF",Crystal Palace,23,1993,8,4,412,2,0,0,0,1,0,0.44,0.00,0.44,0.44,0.44,/en/players/41cc19c2/matchlogs/2016-2017/Connor-Wickham-Match-Logs
520,,Georginio Wijnaldum,nl NED,MF,Liverpool,25,1990,36,33,"2,972",6,8,0,0,2,0,0.18,0.24,0.42,0.18,0.42,/en/players/eb58eef0/matchlogs/2016-2017/Georginio-Wijnaldum-Match-Logs
521,,Ashley Williams,wal WAL,DF,Everton,31,1984,36,35,"3,160",1,2,0,0,7,1,0.03,0.06,0.09,0.03,0.09,/en/players/a498e276/matchlogs/2016-2017/Ashley-Williams-Match-Logs
522,,Willian,br BRA,"FW,MF",Chelsea,27,1988,34,15,"1,534",8,2,0,0,3,0,0.47,0.12,0.59,0.47,0.59,/en/players/8b9ebd03/matchlogs/2016-2017/Willian-Match-Logs
523,,Jack Wilshere,eng ENG,MF,Arsenal,24,1992,2,0,39,0,0,0,0,1,0,0.00,0.00,0.00,0.00,0.00,/en/players/9c318325/matchlogs/2016-2017/Jack-Wilshere-Match-Logs
524,,Jack Wilshere,eng ENG,MF,Bournemouth,24,1992,27,22,"1,910",0,2,0,0,3,0,0.00,0.09,0.09,0.00,0.09,/en/players/9c318325/matchlogs/2016-2017/Jack-Wilshere-Match-Logs
525,,Callum Wilson,eng ENG,FW,Bournemouth,24,1992,20,16,"1,423",6,0,3,3,0,0,0.38,0.00,0.38,0.19,0.19,/en/players/c596fcb0/matchlogs/2016-2017/Callum-Wilson-Match-Logs
526,,Marc Wilson,ie IRL,DF,West Brom,28,1987,4,3,254,0,0,0,0,3,0,0.00,0.00,0.00,0.00,0.00,/en/players/c325c010/matchlogs/2016-2017/Marc-Wilson-Match-Logs
527,,Kevin Wimmer,at AUT,DF,Tottenham,23,1992,5,4,357,0,0,0,0,3,0,0.00,0.00,0.00,0.00,0.00,/en/players/faf55ce4/matchlogs/2016-2017/Kevin-Wimmer-Match-Logs
528,,Harry Winks,eng ENG,MF,Tottenham,20,1996,21,3,493,1,1,0,0,1,0,0.18,0.18,0.37,0.18,0.37,/en/players/2f7acede/matchlogs/2016-2017/Harry-Winks-Match-Logs
529,,Philipp Wollscheid,de GER,DF,Stoke City,27,1989,2,2,180,0,0,0,0,1,0,0.00,0.00,0.00,0.00,0.00,/en/players/c4cca587/matchlogs/2016-2017/Philipp-Wollscheid-Match-Logs
530,,Ben Woodburn,wal WAL,FW,Liverpool,16,1999,5,1,86,0,0,0,0,0,0,0.00,0.00,0.00,0.00,0.00,/en/players/8aadeaef/matchlogs/2016-2017/Ben-Woodburn-Match-Logs
531,,Matt Worthington,eng ENG,MF,Bournemouth,18,1997,1,0,17,0,0,0,0,0,0,0.00,0.00,0.00,0.00,0.00,/en/players/8c8b941f/matchlogs/2016-2017/Matt-Worthington-Match-Logs
532,,Granit Xhaka,ch SUI,MF,Arsenal,23,1992,32,28,"2,485",2,2,0,0,5,2,0.07,0.07,0.14,0.07,0.14,/en/players/e61b8aee/matchlogs/2016-2017/Granit-Xhaka-Match-Logs
533,,Claudio Yacob,ar ARG,MF,West Brom,29,1987,33,27,"2,418",0,0,0,0,9,0,0.00,0.00,0.00,0.00,0.00,/en/players/bda6ffd4/matchlogs/2016-2017/Claudio-Yacob-Match-Logs
534,,Maya Yoshida,jp JPN,DF,Southampton,27,1988,23,23,"2,070",1,0,0,0,2,0,0.04,0.00,0.04,0.04,0.04,/en/players/caffaf5a/matchlogs/2016-2017/Maya-Yoshida-Match-Logs
535,,Ashley Young,eng ENG,"DF,MF",Manchester Utd,31,1985,12,8,758,0,1,0,0,2,0,0.00,0.12,0.12,0.00,0.12,/en/players/be927d03/matchlogs/2016-2017/Ashley-Young-Match-Logs
536,,Pablo Zabaleta,ar ARG,"DF,MF",Manchester City,31,1985,19,11,"1,036",1,1,0,0,2,0,0.09,0.09,0.17,0.09,0.17,/en/players/6813ac34/matchlogs/2016-2017/Pablo-Zabaleta-Match-Logs
537,,Wilfried Zaha,ci CIV,"MF,FW",Crystal Palace,23,1992,35,34,"3,019",7,8,0,0,8,0,0.21,0.24,0.45,0.21,0.45,/en/players/b2bc3b1f/matchlogs/2016-2017/Wilfried-Zaha-Match-Logs
538,,Mauro Zárate,ar ARG,"FW,MF",Watford,29,1987,3,3,203,0,0,0,0,0,0,0.00,0.00,0.00,0.00,0.00,/en/players/cc18ff4c/matchlogs/2016-2017/Mauro-Zarate-Match-Logs
539,,Simone Zaza,it ITA,FW,West Ham,25,1991,8,5,459,0,0,0,0,2,0,0.00,0.00,0.00,0.00,0.00,/en/players/9592289a/matchlogs/2016-2017/Simone-Zaza-Match-Logs
540,,Ron-Robert Zieler,de GER,GK,Leicester City,27,1989,9,8,754,0,0,0,0,0,0,0.00,0.00,0.00,0.00,0.00,/en/players/a0606ae8/matchlogs/2016-2017/Ron-Robert-Zieler-Match-Logs
541,,Kurt Zouma,fr FRA,DF,Chelsea,21,1994,9,3,250,0,0,0,0,0,0,0.00,0.00,0.00,0.00,0.00,/en/players/ce4246f5/matchlogs/2016-2017/Kurt-Zouma-Match-Logs
542,,Juan Zúñiga,co COL,"DF,MF",Watford,30,1985,21,6,825,1,0,0,0,1,0,0.11,0.00,0.11,0.11,0.11,/en/players/06b34f37/matchlogs/2016-2017/Juan-Zuniga-Match-Logs
